,0,1
0,assays1_yield_svm_1,0.5466577004773598
1,assays2_yield_ridge_1,0.5893004883573165
2,assays3_yield_svm_1,0.5943377658772341
3,assays4_yield_svm_1,0.5980509086851679
4,assays5_yield_forest_1,0.6174880926833963
5,assays6_yield_ridge_1,0.6364425943188743
6,assays7_yield_ridge_1,0.669387409078589
7,assays8_yield_forest_1,0.6401284063286511
8,assays9_yield_forest_1,0.6624627998768868
9,assays10_yield_svm_1,0.6331354555667783
10,"assays1,2_yield_forest_1",0.5415798678650471
11,"assays1,3_yield_forest_1",0.568924057742934
12,"assays1,4_yield_forest_1",0.548504900917195
13,"assays1,5_yield_forest_1",0.5316708921077055
14,"assays1,6_yield_forest_1",0.5685524998618522
15,"assays1,7_yield_forest_1",0.5298210741439905
16,"assays1,8_yield_forest_1",0.5357488707960257
17,"assays1,9_yield_forest_1",0.5356578159742919
18,"assays1,10_yield_forest_1",0.5119265376780235
19,"assays2,3_yield_svm_1",0.5856138079640199
20,"assays2,4_yield_svm_1",0.5910301435848344
21,"assays2,5_yield_forest_1",0.5932650216019666
22,"assays2,6_yield_ridge_1",0.5928836818413784
23,"assays2,7_yield_ridge_1",0.5717706558279279
24,"assays2,8_yield_forest_1",0.5763747449701547
25,"assays2,9_yield_forest_1",0.5890814602345233
26,"assays2,10_yield_svm_1",0.5727988005253338
27,"assays3,4_yield_svm_1",0.5921726169768773
28,"assays3,5_yield_ridge_1",0.5992156880845989
29,"assays3,6_yield_svm_1",0.5903470410406101
30,"assays3,7_yield_svm_1",0.5770116417549469
31,"assays3,8_yield_svm_1",0.5959714617744968
32,"assays3,9_yield_svm_1",0.57656251463892
33,"assays3,10_yield_svm_1",0.543130016511397
34,"assays4,5_yield_forest_1",0.6001159789642296
35,"assays4,6_yield_svm_1",0.6014144406567941
36,"assays4,7_yield_ridge_1",0.5762039109039121
37,"assays4,8_yield_svm_1",0.5930363101048874
38,"assays4,9_yield_forest_1",0.5823968706001692
39,"assays4,10_yield_svm_1",0.548223255515091
40,"assays5,6_yield_forest_1",0.6237510415995338
41,"assays5,7_yield_forest_1",0.6019894908144027
42,"assays5,8_yield_forest_1",0.5796282779216846
43,"assays5,9_yield_forest_1",0.5884496257183802
44,"assays5,10_yield_forest_1",0.6067039505021884
45,"assays6,7_yield_ridge_1",0.6171471915746951
46,"assays6,8_yield_forest_1",0.6187593058989105
47,"assays6,9_yield_forest_1",0.634426065875837
48,"assays6,10_yield_forest_1",0.6338852448078958
49,"assays7,8_yield_forest_1",0.621376420676977
50,"assays7,9_yield_forest_1",0.6652029246953401
51,"assays7,10_yield_ridge_1",0.6629299556525031
52,"assays8,9_yield_forest_1",0.5974769919977401
53,"assays8,10_yield_svm_1",0.5870791484975753
54,"assays9,10_yield_svm_1",0.6680666625741907
55,"assays1,2,3_yield_forest_1",0.5559853732980804
56,"assays1,2,4_yield_forest_1",0.5386989590545447
57,"assays1,2,5_yield_forest_1",0.5534160694608213
58,"assays1,2,6_yield_forest_1",0.5592903877494888
59,"assays1,2,7_yield_forest_1",0.5474905222226747
60,"assays1,2,8_yield_forest_1",0.5373888034084341
61,"assays1,2,9_yield_forest_1",0.5363251808267236
62,"assays1,2,10_yield_forest_1",0.5215021605923384
63,"assays1,3,4_yield_forest_1",0.551710692355616
64,"assays1,3,5_yield_forest_1",0.5664397898431
65,"assays1,3,6_yield_forest_1",0.5649354819218343
66,"assays1,3,7_yield_forest_1",0.5556941978040928
67,"assays1,3,8_yield_forest_1",0.5598816487975188
68,"assays1,3,9_yield_forest_1",0.5558094652151827
69,"assays1,3,10_yield_forest_1",0.5230300491882605
70,"assays1,4,5_yield_forest_1",0.5507370226177024
71,"assays1,4,6_yield_forest_1",0.5645965435937745
72,"assays1,4,7_yield_forest_1",0.5485844145321976
73,"assays1,4,8_yield_forest_1",0.5468187358881268
74,"assays1,4,9_yield_forest_1",0.5428641345138592
75,"assays1,4,10_yield_forest_1",0.5207598287638256
76,"assays1,5,6_yield_forest_1",0.5516701975096217
77,"assays1,5,7_yield_forest_1",0.5477825018194588
78,"assays1,5,8_yield_forest_1",0.5371956931716261
79,"assays1,5,9_yield_forest_1",0.5275950353699999
80,"assays1,5,10_yield_forest_1",0.5310101491270706
81,"assays1,6,7_yield_forest_1",0.5415496941152222
82,"assays1,6,8_yield_forest_1",0.5636409058951052
83,"assays1,6,9_yield_forest_1",0.5581830278752973
84,"assays1,6,10_yield_forest_1",0.5516159322827323
85,"assays1,7,8_yield_forest_1",0.5330104392482112
86,"assays1,7,9_yield_forest_1",0.5640910763166319
87,"assays1,7,10_yield_forest_1",0.5104321633242207
88,"assays1,8,9_yield_forest_1",0.512273283504869
89,"assays1,8,10_yield_forest_1",0.49870203814305025
90,"assays1,9,10_yield_forest_1",0.5291724957414364
91,"assays2,3,4_yield_svm_1",0.5898634939722088
92,"assays2,3,5_yield_svm_1",0.5942437492781889
93,"assays2,3,6_yield_svm_1",0.5893931679759129
94,"assays2,3,7_yield_svm_1",0.5727523104357919
95,"assays2,3,8_yield_svm_1",0.5871096046353987
96,"assays2,3,9_yield_svm_1",0.5903199444431962
97,"assays2,3,10_yield_svm_1",0.5660653618366578
98,"assays2,4,5_yield_ridge_1",0.5961127808599095
99,"assays2,4,6_yield_svm_1",0.5875651686782598
100,"assays2,4,7_yield_svm_1",0.5735904251490396
101,"assays2,4,8_yield_ridge_1",0.5873951601420604
102,"assays2,4,9_yield_svm_1",0.588508853379966
103,"assays2,4,10_yield_forest_1",0.577601058041696
104,"assays2,5,6_yield_ridge_1",0.5972018448020313
105,"assays2,5,7_yield_ridge_1",0.5754801289507201
106,"assays2,5,8_yield_forest_1",0.5731089173923614
107,"assays2,5,9_yield_forest_1",0.5905657405541225
108,"assays2,5,10_yield_forest_1",0.586366129126177
109,"assays2,6,7_yield_ridge_1",0.5733039878105034
110,"assays2,6,8_yield_ridge_1",0.5901639383842124
111,"assays2,6,9_yield_ridge_1",0.5952243582942307
112,"assays2,6,10_yield_svm_1",0.5908149084711154
113,"assays2,7,8_yield_svm_1",0.5610972714982249
114,"assays2,7,9_yield_ridge_1",0.5773480146293936
115,"assays2,7,10_yield_ridge_1",0.5735001309658176
116,"assays2,8,9_yield_forest_1",0.5590938139241088
117,"assays2,8,10_yield_svm_1",0.531924548809215
118,"assays2,9,10_yield_svm_1",0.5960446183786461
119,"assays3,4,5_yield_svm_1",0.5952037688979613
120,"assays3,4,6_yield_ridge_1",0.5979907387201295
121,"assays3,4,7_yield_svm_1",0.5748423639300666
122,"assays3,4,8_yield_svm_1",0.5880523866721892
123,"assays3,4,9_yield_svm_1",0.5863487494667946
124,"assays3,4,10_yield_svm_1",0.5577509904444133
125,"assays3,5,6_yield_svm_1",0.595650951603444
126,"assays3,5,7_yield_svm_1",0.5725503101710064
127,"assays3,5,8_yield_forest_1",0.5867391080646666
128,"assays3,5,9_yield_forest_1",0.5939993640668397
129,"assays3,5,10_yield_forest_1",0.5872267563409723
130,"assays3,6,7_yield_ridge_1",0.578341018004709
131,"assays3,6,8_yield_svm_1",0.581166059418495
132,"assays3,6,9_yield_svm_1",0.5740175246514282
133,"assays3,6,10_yield_svm_1",0.5816879120459985
134,"assays3,7,8_yield_svm_1",0.5595339884560289
135,"assays3,7,9_yield_svm_1",0.5793788017481492
136,"assays3,7,10_yield_svm_1",0.5416059079117372
137,"assays3,8,9_yield_forest_1",0.5697989218464788
138,"assays3,8,10_yield_svm_1",0.5371242672129943
139,"assays3,9,10_yield_svm_1",0.5701904737610171
140,"assays4,5,6_yield_ridge_1",0.6039899252622881
141,"assays4,5,7_yield_ridge_1",0.578231278907071
142,"assays4,5,8_yield_forest_1",0.5834987125151235
143,"assays4,5,9_yield_forest_1",0.5771982802273393
144,"assays4,5,10_yield_forest_1",0.5637368415007052
145,"assays4,6,7_yield_ridge_1",0.5789802448587702
146,"assays4,6,8_yield_svm_1",0.5985841124406714
147,"assays4,6,9_yield_svm_1",0.600069672035022
148,"assays4,6,10_yield_forest_1",0.5849709788837562
149,"assays4,7,8_yield_svm_1",0.5650129993552726
150,"assays4,7,9_yield_ridge_1",0.5841600326528797
151,"assays4,7,10_yield_svm_1",0.5623714670652702
152,"assays4,8,9_yield_forest_1",0.5574602139241519
153,"assays4,8,10_yield_svm_1",0.5185400555877067
154,"assays4,9,10_yield_svm_1",0.5730739737025978
155,"assays5,6,7_yield_ridge_1",0.6023366467435773
156,"assays5,6,8_yield_forest_1",0.5984215023766166
157,"assays5,6,9_yield_forest_1",0.604841116825141
158,"assays5,6,10_yield_forest_1",0.6222116760738952
159,"assays5,7,8_yield_forest_1",0.5855440863299518
160,"assays5,7,9_yield_forest_1",0.5954201655400545
161,"assays5,7,10_yield_forest_1",0.5932255924249652
162,"assays5,8,9_yield_forest_1",0.5345787991812844
163,"assays5,8,10_yield_forest_1",0.5300638497185471
164,"assays5,9,10_yield_forest_1",0.5919966541576793
165,"assays6,7,8_yield_ridge_1",0.5977400380227854
166,"assays6,7,9_yield_ridge_1",0.6211984876943834
167,"assays6,7,10_yield_ridge_1",0.6185629349412781
168,"assays6,8,9_yield_forest_1",0.5752651533187894
169,"assays6,8,10_yield_forest_1",0.58056885530623
170,"assays6,9,10_yield_forest_1",0.6344101014772721
171,"assays7,8,9_yield_forest_1",0.6009193244890294
172,"assays7,8,10_yield_forest_1",0.5914366503814749
173,"assays7,9,10_yield_ridge_1",0.6643432502369562
174,"assays8,9,10_yield_forest_1",0.6032116413848897
175,"assays1,2,3,4_yield_forest_1",0.5536252744469248
176,"assays1,2,3,5_yield_forest_1",0.5673394660673915
177,"assays1,2,3,6_yield_forest_1",0.56105325895794
178,"assays1,2,3,7_yield_forest_1",0.5571320641553992
179,"assays1,2,3,8_yield_forest_1",0.5533168523228502
180,"assays1,2,3,9_yield_forest_1",0.5656421838299767
181,"assays1,2,3,10_yield_forest_1",0.5400895310397675
182,"assays1,2,4,5_yield_forest_1",0.54578538253112
183,"assays1,2,4,6_yield_forest_1",0.5626256517983879
184,"assays1,2,4,7_yield_forest_1",0.5503188991218193
185,"assays1,2,4,8_yield_forest_1",0.5326275540215227
186,"assays1,2,4,9_yield_forest_1",0.5443247273958182
187,"assays1,2,4,10_yield_forest_1",0.5341249610083966
188,"assays1,2,5,6_yield_forest_1",0.5670235198705065
189,"assays1,2,5,7_yield_forest_1",0.5502665294247573
190,"assays1,2,5,8_yield_forest_1",0.5373151003884453
191,"assays1,2,5,9_yield_forest_1",0.5443575549469258
192,"assays1,2,5,10_yield_forest_1",0.5137366020787313
193,"assays1,2,6,7_yield_forest_1",0.5605295714528817
194,"assays1,2,6,8_yield_forest_1",0.5601835445430139
195,"assays1,2,6,9_yield_svm_1",0.5633247283252338
196,"assays1,2,6,10_yield_forest_1",0.5511684034613499
197,"assays1,2,7,8_yield_forest_1",0.5436058793079395
198,"assays1,2,7,9_yield_forest_1",0.5330661012452131
199,"assays1,2,7,10_yield_forest_1",0.5203534322916161
200,"assays1,2,8,9_yield_forest_1",0.5247320926090822
201,"assays1,2,8,10_yield_forest_1",0.5133598370624999
202,"assays1,2,9,10_yield_forest_1",0.537193572827131
203,"assays1,3,4,5_yield_forest_1",0.5651557395997735
204,"assays1,3,4,6_yield_svm_1",0.5713715340566575
205,"assays1,3,4,7_yield_forest_1",0.545026580868734
206,"assays1,3,4,8_yield_forest_1",0.5404345053077011
207,"assays1,3,4,9_yield_forest_1",0.5592214122217876
208,"assays1,3,4,10_yield_forest_1",0.5296466797879991
209,"assays1,3,5,6_yield_forest_1",0.5645965338656322
210,"assays1,3,5,7_yield_forest_1",0.5692176929887088
211,"assays1,3,5,8_yield_forest_1",0.5555905911448582
212,"assays1,3,5,9_yield_forest_1",0.5442400306379289
213,"assays1,3,5,10_yield_forest_1",0.51702020543923
214,"assays1,3,6,7_yield_forest_1",0.5596898674868325
215,"assays1,3,6,8_yield_forest_1",0.5602515063652628
216,"assays1,3,6,9_yield_forest_1",0.5573330553172896
217,"assays1,3,6,10_yield_forest_1",0.5281219136599191
218,"assays1,3,7,8_yield_forest_1",0.5409193815319401
219,"assays1,3,7,9_yield_forest_1",0.5499243063350059
220,"assays1,3,7,10_yield_forest_1",0.5220116755830466
221,"assays1,3,8,9_yield_forest_1",0.5297008158092607
222,"assays1,3,8,10_yield_forest_1",0.5151148436731012
223,"assays1,3,9,10_yield_forest_1",0.5350130922082416
224,"assays1,4,5,6_yield_forest_1",0.5521828489595397
225,"assays1,4,5,7_yield_forest_1",0.5485238561662835
226,"assays1,4,5,8_yield_forest_1",0.538792705713018
227,"assays1,4,5,9_yield_forest_1",0.5369762022515806
228,"assays1,4,5,10_yield_forest_1",0.5210786869071968
229,"assays1,4,6,7_yield_forest_1",0.5510464288737341
230,"assays1,4,6,8_yield_forest_1",0.5468842933879492
231,"assays1,4,6,9_yield_forest_1",0.558681570004067
232,"assays1,4,6,10_yield_forest_1",0.5254770964769288
233,"assays1,4,7,8_yield_forest_1",0.5369089943747161
234,"assays1,4,7,9_yield_forest_1",0.5518611682738349
235,"assays1,4,7,10_yield_forest_1",0.5157966174749016
236,"assays1,4,8,9_yield_forest_1",0.5275650266376978
237,"assays1,4,8,10_yield_forest_1",0.5089079355975679
238,"assays1,4,9,10_yield_forest_1",0.5335935646347201
239,"assays1,5,6,7_yield_forest_1",0.5683329033642079
240,"assays1,5,6,8_yield_forest_1",0.543628923346595
241,"assays1,5,6,9_yield_forest_1",0.5375125379738874
242,"assays1,5,6,10_yield_forest_1",0.543431710950679
243,"assays1,5,7,8_yield_forest_1",0.5408809237485896
244,"assays1,5,7,9_yield_forest_1",0.5398844373153252
245,"assays1,5,7,10_yield_forest_1",0.5213285157682802
246,"assays1,5,8,9_yield_forest_1",0.5069908452570466
247,"assays1,5,8,10_yield_forest_1",0.4972766760314256
248,"assays1,5,9,10_yield_forest_1",0.5099741624118215
249,"assays1,6,7,8_yield_forest_1",0.5460411827882359
250,"assays1,6,7,9_yield_forest_1",0.5592312090359215
251,"assays1,6,7,10_yield_forest_1",0.5304138206382973
252,"assays1,6,8,9_yield_forest_1",0.5221446453305514
253,"assays1,6,8,10_yield_forest_1",0.5118129345229854
254,"assays1,6,9,10_yield_forest_1",0.5511834384127469
255,"assays1,7,8,9_yield_forest_1",0.5218565605739836
256,"assays1,7,8,10_yield_forest_1",0.5065273389302847
257,"assays1,7,9,10_yield_forest_1",0.537199680170826
258,"assays1,8,9,10_yield_forest_1",0.5101635149928171
259,"assays2,3,4,5_yield_svm_1",0.5939601438798311
260,"assays2,3,4,6_yield_svm_1",0.5855539009863316
261,"assays2,3,4,7_yield_ridge_1",0.5779042407172033
262,"assays2,3,4,8_yield_svm_1",0.5822930128976382
263,"assays2,3,4,9_yield_svm_1",0.5861852419433123
264,"assays2,3,4,10_yield_svm_1",0.5796771265412282
265,"assays2,3,5,6_yield_svm_1",0.5921588592865946
266,"assays2,3,5,7_yield_ridge_1",0.577129463206337
267,"assays2,3,5,8_yield_ridge_1",0.5920161839105866
268,"assays2,3,5,9_yield_svm_1",0.5919938983913785
269,"assays2,3,5,10_yield_ridge_1",0.5981708682948839
270,"assays2,3,6,7_yield_svm_1",0.5778469720816539
271,"assays2,3,6,8_yield_svm_1",0.5842439306048235
272,"assays2,3,6,9_yield_svm_1",0.5807270472887244
273,"assays2,3,6,10_yield_svm_1",0.5827206249717001
274,"assays2,3,7,8_yield_svm_1",0.5597848290294591
275,"assays2,3,7,9_yield_svm_1",0.5806844223059228
276,"assays2,3,7,10_yield_svm_1",0.5783231323780518
277,"assays2,3,8,9_yield_forest_1",0.5690798244707651
278,"assays2,3,8,10_yield_svm_1",0.5444929597251684
279,"assays2,3,9,10_yield_forest_1",0.5937675748934905
280,"assays2,4,5,6_yield_svm_1",0.594037473318776
281,"assays2,4,5,7_yield_ridge_1",0.5784033604253837
282,"assays2,4,5,8_yield_forest_1",0.589212930118397
283,"assays2,4,5,9_yield_forest_1",0.5892867370351127
284,"assays2,4,5,10_yield_forest_1",0.5843782869664895
285,"assays2,4,6,7_yield_ridge_1",0.5778049650053793
286,"assays2,4,6,8_yield_ridge_1",0.5902164394754499
287,"assays2,4,6,9_yield_svm_1",0.590013943483909
288,"assays2,4,6,10_yield_forest_1",0.5913818954217362
289,"assays2,4,7,8_yield_svm_1",0.5650703523852731
290,"assays2,4,7,9_yield_ridge_1",0.5822160776810548
291,"assays2,4,7,10_yield_forest_1",0.5771679538790035
292,"assays2,4,8,9_yield_forest_1",0.5698032923230965
293,"assays2,4,8,10_yield_svm_1",0.5433148583121168
294,"assays2,4,9,10_yield_ridge_1",0.5954949293712878
295,"assays2,5,6,7_yield_ridge_1",0.5788061106891998
296,"assays2,5,6,8_yield_forest_1",0.5939856229573666
297,"assays2,5,6,9_yield_ridge_1",0.5948405678610108
298,"assays2,5,6,10_yield_svm_1",0.5963816052995157
299,"assays2,5,7,8_yield_ridge_1",0.5663345250510988
300,"assays2,5,7,9_yield_ridge_1",0.5798989627642865
301,"assays2,5,7,10_yield_ridge_1",0.5749702040462961
302,"assays2,5,8,9_yield_forest_1",0.5406293825676525
303,"assays2,5,8,10_yield_forest_1",0.5377842857303723
304,"assays2,5,9,10_yield_forest_1",0.5762834150154207
305,"assays2,6,7,8_yield_svm_1",0.5621490620174618
306,"assays2,6,7,9_yield_ridge_1",0.5790602539813836
307,"assays2,6,7,10_yield_ridge_1",0.5775099248241918
308,"assays2,6,8,9_yield_forest_1",0.5680317691285557
309,"assays2,6,8,10_yield_forest_1",0.566675459365664
310,"assays2,6,9,10_yield_svm_1",0.5929029825923616
311,"assays2,7,8,9_yield_ridge_1",0.5658363440796234
312,"assays2,7,8,10_yield_svm_1",0.5445931012891119
313,"assays2,7,9,10_yield_ridge_1",0.5731342496164914
314,"assays2,8,9,10_yield_forest_1",0.5551357604696867
315,"assays3,4,5,6_yield_svm_1",0.5806954653132481
316,"assays3,4,5,7_yield_ridge_1",0.5790510682571781
317,"assays3,4,5,8_yield_forest_1",0.5961293435165699
318,"assays3,4,5,9_yield_svm_1",0.599089405326478
319,"assays3,4,5,10_yield_forest_1",0.596727818571315
320,"assays3,4,6,7_yield_svm_1",0.570950758179981
321,"assays3,4,6,8_yield_svm_1",0.5793773147120811
322,"assays3,4,6,9_yield_svm_1",0.5792215864779967
323,"assays3,4,6,10_yield_svm_1",0.5630025058187414
324,"assays3,4,7,8_yield_ridge_1",0.5667814375869495
325,"assays3,4,7,9_yield_svm_1",0.5817707565673776
326,"assays3,4,7,10_yield_svm_1",0.5731380966212833
327,"assays3,4,8,9_yield_forest_1",0.5825383600330006
328,"assays3,4,8,10_yield_svm_1",0.5400303944570516
329,"assays3,4,9,10_yield_svm_1",0.5763258805587437
330,"assays3,5,6,7_yield_ridge_1",0.5822809400727118
331,"assays3,5,6,8_yield_svm_1",0.5950710709924791
332,"assays3,5,6,9_yield_svm_1",0.5812150432651154
333,"assays3,5,6,10_yield_forest_1",0.6043758028104212
334,"assays3,5,7,8_yield_svm_1",0.5721600966080784
335,"assays3,5,7,9_yield_ridge_1",0.5851711743275871
336,"assays3,5,7,10_yield_svm_1",0.5786420856826282
337,"assays3,5,8,9_yield_forest_1",0.547447224278646
338,"assays3,5,8,10_yield_forest_1",0.5403944731113862
339,"assays3,5,9,10_yield_svm_1",0.5798839632408621
340,"assays3,6,7,8_yield_ridge_1",0.5696720912989449
341,"assays3,6,7,9_yield_svm_1",0.5828695499450562
342,"assays3,6,7,10_yield_svm_1",0.5637215042881109
343,"assays3,6,8,9_yield_svm_1",0.575004546270035
344,"assays3,6,8,10_yield_svm_1",0.5594268467813023
345,"assays3,6,9,10_yield_svm_1",0.5681076402385065
346,"assays3,7,8,9_yield_svm_1",0.5660732489852276
347,"assays3,7,8,10_yield_svm_1",0.5364203648419609
348,"assays3,7,9,10_yield_svm_1",0.5718301895750513
349,"assays3,8,9,10_yield_forest_1",0.5574339340620547
350,"assays4,5,6,7_yield_ridge_1",0.5847861531926379
351,"assays4,5,6,8_yield_svm_1",0.6028900651934851
352,"assays4,5,6,9_yield_forest_1",0.5887440752093152
353,"assays4,5,6,10_yield_forest_1",0.5906682129194758
354,"assays4,5,7,8_yield_ridge_1",0.5691961988762622
355,"assays4,5,7,9_yield_forest_1",0.5769604673381883
356,"assays4,5,7,10_yield_forest_1",0.5663741066929844
357,"assays4,5,8,9_yield_forest_1",0.5427832937958882
358,"assays4,5,8,10_yield_forest_1",0.529426855480744
359,"assays4,5,9,10_yield_forest_1",0.5700138262632397
360,"assays4,6,7,8_yield_ridge_1",0.5705105632157824
361,"assays4,6,7,9_yield_ridge_1",0.5839662562241401
362,"assays4,6,7,10_yield_ridge_1",0.5810244400346509
363,"assays4,6,8,9_yield_forest_1",0.5761025381910396
364,"assays4,6,8,10_yield_forest_1",0.5645595980462247
365,"assays4,6,9,10_yield_forest_1",0.5874417918363288
366,"assays4,7,8,9_yield_forest_1",0.557829445214988
367,"assays4,7,8,10_yield_svm_1",0.5417376041964174
368,"assays4,7,9,10_yield_ridge_1",0.5778595786694259
369,"assays4,8,9,10_yield_forest_1",0.5412649165238167
370,"assays5,6,7,8_yield_forest_1",0.5848951143487636
371,"assays5,6,7,9_yield_forest_1",0.6044760589222079
372,"assays5,6,7,10_yield_ridge_1",0.6057805558399421
373,"assays5,6,8,9_yield_forest_1",0.5443482866476701
374,"assays5,6,8,10_yield_forest_1",0.5555241169928601
375,"assays5,6,9,10_yield_forest_1",0.6040043861121204
376,"assays5,7,8,9_yield_forest_1",0.5471234531962473
377,"assays5,7,8,10_yield_forest_1",0.5462389608006084
378,"assays5,7,9,10_yield_forest_1",0.5934633509809923
379,"assays5,8,9,10_yield_forest_1",0.5367852867040199
380,"assays6,7,8,9_yield_forest_1",0.5855124156032334
381,"assays6,7,8,10_yield_forest_1",0.5870820645275339
382,"assays6,7,9,10_yield_ridge_1",0.6187292960202082
383,"assays6,8,9,10_yield_forest_1",0.5732301854732296
384,"assays7,8,9,10_yield_forest_1",0.6156205497462983
385,"assays1,2,3,4,5_yield_forest_1",0.5779814518448235
386,"assays1,2,3,4,6_yield_forest_1",0.5645732570226938
387,"assays1,2,3,4,7_yield_forest_1",0.5395395811124927
388,"assays1,2,3,4,8_yield_forest_1",0.5520628424334143
389,"assays1,2,3,4,9_yield_forest_1",0.5784967540038255
390,"assays1,2,3,4,10_yield_forest_1",0.5288086946404389
391,"assays1,2,3,5,6_yield_forest_1",0.5641167413566954
392,"assays1,2,3,5,7_yield_forest_1",0.5465313355374295
393,"assays1,2,3,5,8_yield_forest_1",0.5577449429330392
394,"assays1,2,3,5,9_yield_forest_1",0.5449402836313902
395,"assays1,2,3,5,10_yield_forest_1",0.5413400045891922
396,"assays1,2,3,6,7_yield_forest_1",0.5640070724745774
397,"assays1,2,3,6,8_yield_forest_1",0.5437622332247812
398,"assays1,2,3,6,9_yield_forest_1",0.562921547274704
399,"assays1,2,3,6,10_yield_forest_1",0.5496677937072817
400,"assays1,2,3,7,8_yield_forest_1",0.5557169420192721
401,"assays1,2,3,7,9_yield_forest_1",0.5548889122867646
402,"assays1,2,3,7,10_yield_forest_1",0.5266446157844837
403,"assays1,2,3,8,9_yield_forest_1",0.5329064738893395
404,"assays1,2,3,8,10_yield_forest_1",0.5257133068249822
405,"assays1,2,3,9,10_yield_forest_1",0.5541584611557756
406,"assays1,2,4,5,6_yield_forest_1",0.5560606374203994
407,"assays1,2,4,5,7_yield_forest_1",0.5542678758312034
408,"assays1,2,4,5,8_yield_forest_1",0.5477069467359612
409,"assays1,2,4,5,9_yield_forest_1",0.548363482606759
410,"assays1,2,4,5,10_yield_forest_1",0.5385108152341134
411,"assays1,2,4,6,7_yield_forest_1",0.541175069334819
412,"assays1,2,4,6,8_yield_forest_1",0.5551326178001496
413,"assays1,2,4,6,9_yield_forest_1",0.561256115514768
414,"assays1,2,4,6,10_yield_forest_1",0.5450724653125072
415,"assays1,2,4,7,8_yield_forest_1",0.5382564991008449
416,"assays1,2,4,7,9_yield_forest_1",0.5603110738897098
417,"assays1,2,4,7,10_yield_forest_1",0.5245645441549609
418,"assays1,2,4,8,9_yield_forest_1",0.5496748903660548
419,"assays1,2,4,8,10_yield_forest_1",0.5240571715667374
420,"assays1,2,4,9,10_yield_forest_1",0.5293409075478959
421,"assays1,2,5,6,7_yield_forest_1",0.5416608165646842
422,"assays1,2,5,6,8_yield_forest_1",0.5646422220134901
423,"assays1,2,5,6,9_yield_forest_1",0.5416583011295029
424,"assays1,2,5,6,10_yield_forest_1",0.5497630659448371
425,"assays1,2,5,7,8_yield_forest_1",0.5355645494720183
426,"assays1,2,5,7,9_yield_forest_1",0.5434316778801523
427,"assays1,2,5,7,10_yield_forest_1",0.5252170611105607
428,"assays1,2,5,8,9_yield_forest_1",0.5193263197454826
429,"assays1,2,5,8,10_yield_forest_1",0.5076014872645633
430,"assays1,2,5,9,10_yield_forest_1",0.5494175104285984
431,"assays1,2,6,7,8_yield_forest_1",0.5400468874708327
432,"assays1,2,6,7,9_yield_svm_1",0.5617264512963208
433,"assays1,2,6,7,10_yield_forest_1",0.5466875683008244
434,"assays1,2,6,8,9_yield_forest_1",0.5421991413470151
435,"assays1,2,6,8,10_yield_forest_1",0.5190351858855996
436,"assays1,2,6,9,10_yield_forest_1",0.5537639105466374
437,"assays1,2,7,8,9_yield_forest_1",0.5178395903780549
438,"assays1,2,7,8,10_yield_forest_1",0.5097516374799778
439,"assays1,2,7,9,10_yield_forest_1",0.5274197726937189
440,"assays1,2,8,9,10_yield_forest_1",0.522381774000377
441,"assays1,3,4,5,6_yield_forest_1",0.5603695723806921
442,"assays1,3,4,5,7_yield_forest_1",0.5508413447781286
443,"assays1,3,4,5,8_yield_forest_1",0.5619603407496931
444,"assays1,3,4,5,9_yield_forest_1",0.5689525397516215
445,"assays1,3,4,5,10_yield_forest_1",0.546490440902607
446,"assays1,3,4,6,7_yield_svm_1",0.5653992002888526
447,"assays1,3,4,6,8_yield_forest_1",0.5547118398526221
448,"assays1,3,4,6,9_yield_forest_1",0.5588798558084281
449,"assays1,3,4,6,10_yield_forest_1",0.5350072198478044
450,"assays1,3,4,7,8_yield_svm_1",0.5589440989795934
451,"assays1,3,4,7,9_yield_svm_1",0.5656465727859079
452,"assays1,3,4,7,10_yield_forest_1",0.5432804993921188
453,"assays1,3,4,8,9_yield_forest_1",0.5383186646273839
454,"assays1,3,4,8,10_yield_forest_1",0.521617683910031
455,"assays1,3,4,9,10_yield_forest_1",0.5473667398121023
456,"assays1,3,5,6,7_yield_forest_1",0.562622119443773
457,"assays1,3,5,6,8_yield_svm_1",0.5769977220225029
458,"assays1,3,5,6,9_yield_forest_1",0.5620896276530449
459,"assays1,3,5,6,10_yield_forest_1",0.5655108986338936
460,"assays1,3,5,7,8_yield_forest_1",0.5496087816371056
461,"assays1,3,5,7,9_yield_forest_1",0.5519413388976104
462,"assays1,3,5,7,10_yield_forest_1",0.5420776168990397
463,"assays1,3,5,8,9_yield_forest_1",0.5294542154053334
464,"assays1,3,5,8,10_yield_forest_1",0.5149865735319695
465,"assays1,3,5,9,10_yield_forest_1",0.5209292740907683
466,"assays1,3,6,7,8_yield_forest_1",0.5512966923543884
467,"assays1,3,6,7,9_yield_forest_1",0.545955296818264
468,"assays1,3,6,7,10_yield_svm_1",0.5452290393387922
469,"assays1,3,6,8,9_yield_forest_1",0.5351541866649681
470,"assays1,3,6,8,10_yield_forest_1",0.5275558626852264
471,"assays1,3,6,9,10_yield_forest_1",0.5414847012964805
472,"assays1,3,7,8,9_yield_forest_1",0.5523883663026443
473,"assays1,3,7,8,10_yield_forest_1",0.5186373171126372
474,"assays1,3,7,9,10_yield_forest_1",0.5548286565919225
475,"assays1,3,8,9,10_yield_forest_1",0.5105786327851359
476,"assays1,4,5,6,7_yield_forest_1",0.5704243972420523
477,"assays1,4,5,6,8_yield_forest_1",0.5500776970728377
478,"assays1,4,5,6,9_yield_forest_1",0.5576041085540628
479,"assays1,4,5,6,10_yield_forest_1",0.5444014430669324
480,"assays1,4,5,7,8_yield_forest_1",0.5420459220756746
481,"assays1,4,5,7,9_yield_forest_1",0.5427056393756767
482,"assays1,4,5,7,10_yield_forest_1",0.5247255839679654
483,"assays1,4,5,8,9_yield_forest_1",0.5244433137576356
484,"assays1,4,5,8,10_yield_forest_1",0.5032207029153855
485,"assays1,4,5,9,10_yield_forest_1",0.5266035629013748
486,"assays1,4,6,7,8_yield_forest_1",0.5596654308164267
487,"assays1,4,6,7,9_yield_forest_1",0.5502525479554204
488,"assays1,4,6,7,10_yield_forest_1",0.5213582026852819
489,"assays1,4,6,8,9_yield_forest_1",0.5305573081247623
490,"assays1,4,6,8,10_yield_forest_1",0.5345658447582002
491,"assays1,4,6,9,10_yield_forest_1",0.5335143250211191
492,"assays1,4,7,8,9_yield_forest_1",0.5405330800297127
493,"assays1,4,7,8,10_yield_forest_1",0.5113085705523992
494,"assays1,4,7,9,10_yield_forest_1",0.5275360682552444
495,"assays1,4,8,9,10_yield_forest_1",0.5232683845845048
496,"assays1,5,6,7,8_yield_forest_1",0.5539525908117218
497,"assays1,5,6,7,9_yield_forest_1",0.5590891727169413
498,"assays1,5,6,7,10_yield_forest_1",0.5433672499587312
499,"assays1,5,6,8,9_yield_forest_1",0.5313641876652231
500,"assays1,5,6,8,10_yield_forest_1",0.5222934669002137
501,"assays1,5,6,9,10_yield_forest_1",0.535648101018271
502,"assays1,5,7,8,9_yield_forest_1",0.5157688706432355
503,"assays1,5,7,8,10_yield_forest_1",0.5045900996433822
504,"assays1,5,7,9,10_yield_forest_1",0.5344558600384027
505,"assays1,5,8,9,10_yield_forest_1",0.4988855202168211
506,"assays1,6,7,8,9_yield_forest_1",0.5271750927414601
507,"assays1,6,7,8,10_yield_forest_1",0.5247705411427291
508,"assays1,6,7,9,10_yield_forest_1",0.5540945935525549
509,"assays1,6,8,9,10_yield_forest_1",0.5179083199511675
510,"assays1,7,8,9,10_yield_forest_1",0.5134294166630992
511,"assays2,3,4,5,6_yield_svm_1",0.5915396333246652
512,"assays2,3,4,5,7_yield_svm_1",0.5830631042374341
513,"assays2,3,4,5,8_yield_svm_1",0.5879971485640383
514,"assays2,3,4,5,9_yield_forest_1",0.5936294231380901
515,"assays2,3,4,5,10_yield_forest_1",0.5831536673828295
516,"assays2,3,4,6,7_yield_svm_1",0.5808178001013224
517,"assays2,3,4,6,8_yield_svm_1",0.5883745190529629
518,"assays2,3,4,6,9_yield_svm_1",0.5838958296538946
519,"assays2,3,4,6,10_yield_svm_1",0.5804503038048247
520,"assays2,3,4,7,8_yield_svm_1",0.5647567681786002
521,"assays2,3,4,7,9_yield_svm_1",0.5775826577795069
522,"assays2,3,4,7,10_yield_svm_1",0.569039399717463
523,"assays2,3,4,8,9_yield_svm_1",0.5833109250599223
524,"assays2,3,4,8,10_yield_svm_1",0.5706280851821445
525,"assays2,3,4,9,10_yield_svm_1",0.5722380044450153
526,"assays2,3,5,6,7_yield_ridge_1",0.5813690834724239
527,"assays2,3,5,6,8_yield_svm_1",0.5910099433454935
528,"assays2,3,5,6,9_yield_svm_1",0.5944688333778967
529,"assays2,3,5,6,10_yield_svm_1",0.5827019716534855
530,"assays2,3,5,7,8_yield_svm_1",0.5680102527243459
531,"assays2,3,5,7,9_yield_svm_1",0.5837501168938505
532,"assays2,3,5,7,10_yield_ridge_1",0.5821050400041607
533,"assays2,3,5,8,9_yield_forest_1",0.5618513231850557
534,"assays2,3,5,8,10_yield_forest_1",0.5568972090726565
535,"assays2,3,5,9,10_yield_svm_1",0.5879931336531553
536,"assays2,3,6,7,8_yield_svm_1",0.5625890631471661
537,"assays2,3,6,7,9_yield_ridge_1",0.5806767114550816
538,"assays2,3,6,7,10_yield_svm_1",0.5699284636469877
539,"assays2,3,6,8,9_yield_svm_1",0.5776548840202692
540,"assays2,3,6,8,10_yield_svm_1",0.5739282286357406
541,"assays2,3,6,9,10_yield_svm_1",0.5796248163523776
542,"assays2,3,7,8,9_yield_svm_1",0.5691561094009653
543,"assays2,3,7,8,10_yield_svm_1",0.5507558589020463
544,"assays2,3,7,9,10_yield_svm_1",0.5741799787239052
545,"assays2,3,8,9,10_yield_forest_1",0.5647576720172138
546,"assays2,4,5,6,7_yield_ridge_1",0.5826527997166548
547,"assays2,4,5,6,8_yield_svm_1",0.5929755032353808
548,"assays2,4,5,6,9_yield_svm_1",0.5947000018190823
549,"assays2,4,5,6,10_yield_ridge_1",0.5978291725431556
550,"assays2,4,5,7,8_yield_svm_1",0.5648387806144413
551,"assays2,4,5,7,9_yield_forest_1",0.5781296674133398
552,"assays2,4,5,7,10_yield_forest_1",0.5792304615764279
553,"assays2,4,5,8,9_yield_forest_1",0.5592189381597381
554,"assays2,4,5,8,10_yield_forest_1",0.5490049646767816
555,"assays2,4,5,9,10_yield_forest_1",0.5804165336789181
556,"assays2,4,6,7,8_yield_svm_1",0.5696259765105998
557,"assays2,4,6,7,9_yield_ridge_1",0.5821103928399372
558,"assays2,4,6,7,10_yield_svm_1",0.5784826564391755
559,"assays2,4,6,8,9_yield_forest_1",0.5864546597697677
560,"assays2,4,6,8,10_yield_forest_1",0.5687734089553704
561,"assays2,4,6,9,10_yield_svm_1",0.5857010919418613
562,"assays2,4,7,8,9_yield_ridge_1",0.5703903607755952
563,"assays2,4,7,8,10_yield_svm_1",0.5529083794935377
564,"assays2,4,7,9,10_yield_forest_1",0.5765913471234356
565,"assays2,4,8,9,10_yield_forest_1",0.5659512222627123
566,"assays2,5,6,7,8_yield_ridge_1",0.568996197848219
567,"assays2,5,6,7,9_yield_ridge_1",0.5863253908550353
568,"assays2,5,6,7,10_yield_ridge_1",0.582824622222583
569,"assays2,5,6,8,9_yield_forest_1",0.5545147382195081
570,"assays2,5,6,8,10_yield_forest_1",0.5585404000552463
571,"assays2,5,6,9,10_yield_forest_1",0.5914082224028846
572,"assays2,5,7,8,9_yield_forest_1",0.5439208019044769
573,"assays2,5,7,8,10_yield_forest_1",0.5382304793478857
574,"assays2,5,7,9,10_yield_ridge_1",0.5764227620923277
575,"assays2,5,8,9,10_yield_forest_1",0.5396097389327131
576,"assays2,6,7,8,9_yield_svm_1",0.5648031823423556
577,"assays2,6,7,8,10_yield_forest_1",0.5682357459866817
578,"assays2,6,7,9,10_yield_ridge_1",0.5779252007442222
579,"assays2,6,8,9,10_yield_forest_1",0.5617682595724494
580,"assays2,7,8,9,10_yield_forest_1",0.5565936438902225
581,"assays3,4,5,6,7_yield_svm_1",0.5808388361201444
582,"assays3,4,5,6,8_yield_ridge_1",0.5983192726501594
583,"assays3,4,5,6,9_yield_svm_1",0.5871843475328898
584,"assays3,4,5,6,10_yield_svm_1",0.5765414881688103
585,"assays3,4,5,7,8_yield_ridge_1",0.5720457349070958
586,"assays3,4,5,7,9_yield_ridge_1",0.5869621760316523
587,"assays3,4,5,7,10_yield_svm_1",0.5752147685228693
588,"assays3,4,5,8,9_yield_forest_1",0.5655378822920241
589,"assays3,4,5,8,10_yield_forest_1",0.5501513777072045
590,"assays3,4,5,9,10_yield_svm_1",0.5772740987527802
591,"assays3,4,6,7,8_yield_ridge_1",0.5699622931590257
592,"assays3,4,6,7,9_yield_svm_1",0.5750047042313238
593,"assays3,4,6,7,10_yield_svm_1",0.564843318911171
594,"assays3,4,6,8,9_yield_svm_1",0.5770328301098908
595,"assays3,4,6,8,10_yield_forest_1",0.5773572874892962
596,"assays3,4,6,9,10_yield_svm_1",0.5800847343990737
597,"assays3,4,7,8,9_yield_svm_1",0.5657581409540893
598,"assays3,4,7,8,10_yield_svm_1",0.5345400704137085
599,"assays3,4,7,9,10_yield_ridge_1",0.5781368667450016
600,"assays3,4,8,9,10_yield_forest_1",0.5583769572709752
601,"assays3,5,6,7,8_yield_ridge_1",0.5760671331579529
602,"assays3,5,6,7,9_yield_svm_1",0.5872445573657432
603,"assays3,5,6,7,10_yield_ridge_1",0.5874738138922353
604,"assays3,5,6,8,9_yield_forest_1",0.5662388073222868
605,"assays3,5,6,8,10_yield_forest_1",0.5605192769372482
606,"assays3,5,6,9,10_yield_svm_1",0.5801529797200706
607,"assays3,5,7,8,9_yield_forest_1",0.5569738393580914
608,"assays3,5,7,8,10_yield_forest_1",0.5446789801954378
609,"assays3,5,7,9,10_yield_svm_1",0.5734230875511911
610,"assays3,5,8,9,10_yield_forest_1",0.5383301447480318
611,"assays3,6,7,8,9_yield_svm_1",0.5709325202616686
612,"assays3,6,7,8,10_yield_svm_1",0.5662434305546729
613,"assays3,6,7,9,10_yield_svm_1",0.5699296778968079
614,"assays3,6,8,9,10_yield_svm_1",0.5608737958624451
615,"assays3,7,8,9,10_yield_svm_1",0.5472742346782965
616,"assays4,5,6,7,8_yield_ridge_1",0.5754859786395942
617,"assays4,5,6,7,9_yield_ridge_1",0.5874889117827806
618,"assays4,5,6,7,10_yield_ridge_1",0.5845039445444598
619,"assays4,5,6,8,9_yield_forest_1",0.5542823980223864
620,"assays4,5,6,8,10_yield_forest_1",0.553128472421968
621,"assays4,5,6,9,10_yield_forest_1",0.5793275474543648
622,"assays4,5,7,8,9_yield_forest_1",0.5481866040643599
623,"assays4,5,7,8,10_yield_forest_1",0.5423841916298912
624,"assays4,5,7,9,10_yield_forest_1",0.5692346550647016
625,"assays4,5,8,9,10_yield_forest_1",0.5300620413441117
626,"assays4,6,7,8,9_yield_ridge_1",0.5714641686072801
627,"assays4,6,7,8,10_yield_svm_1",0.5560353067789536
628,"assays4,6,7,9,10_yield_ridge_1",0.5813632357768236
629,"assays4,6,8,9,10_yield_forest_1",0.5580184834082348
630,"assays4,7,8,9,10_yield_forest_1",0.548673337508279
631,"assays5,6,7,8,9_yield_forest_1",0.5581655565772955
632,"assays5,6,7,8,10_yield_forest_1",0.5612962147675222
633,"assays5,6,7,9,10_yield_ridge_1",0.602593649884838
634,"assays5,6,8,9,10_yield_forest_1",0.542824317174665
635,"assays5,7,8,9,10_yield_forest_1",0.5402653554984532
636,"assays6,7,8,9,10_yield_forest_1",0.5854662605480032
637,"assays1,2,3,4,5,6_yield_forest_1",0.584009826173966
638,"assays1,2,3,4,5,7_yield_forest_1",0.5483093830759956
639,"assays1,2,3,4,5,8_yield_forest_1",0.5449758582935502
640,"assays1,2,3,4,5,9_yield_forest_1",0.5528164348614218
641,"assays1,2,3,4,5,10_yield_forest_1",0.5411328951250661
642,"assays1,2,3,4,6,7_yield_forest_1",0.5450639755311453
643,"assays1,2,3,4,6,8_yield_forest_1",0.5629188717762067
644,"assays1,2,3,4,6,9_yield_forest_1",0.5572769946985318
645,"assays1,2,3,4,6,10_yield_forest_1",0.530434735514002
646,"assays1,2,3,4,7,8_yield_forest_1",0.5319238719872648
647,"assays1,2,3,4,7,9_yield_forest_1",0.548415359694537
648,"assays1,2,3,4,7,10_yield_forest_1",0.5336716642126518
649,"assays1,2,3,4,8,9_yield_forest_1",0.5340893716909993
650,"assays1,2,3,4,8,10_yield_forest_1",0.5230142982970902
651,"assays1,2,3,4,9,10_yield_forest_1",0.532746503214615
652,"assays1,2,3,5,6,7_yield_forest_1",0.5544365008507427
653,"assays1,2,3,5,6,8_yield_forest_1",0.5770239357958784
654,"assays1,2,3,5,6,9_yield_svm_1",0.5788499485788653
655,"assays1,2,3,5,6,10_yield_forest_1",0.546132843450119
656,"assays1,2,3,5,7,8_yield_forest_1",0.5508279002502202
657,"assays1,2,3,5,7,9_yield_forest_1",0.5422450886607254
658,"assays1,2,3,5,7,10_yield_forest_1",0.5446608045221352
659,"assays1,2,3,5,8,9_yield_forest_1",0.5343820875407682
660,"assays1,2,3,5,8,10_yield_forest_1",0.5184201542251194
661,"assays1,2,3,5,9,10_yield_forest_1",0.5604154426134189
662,"assays1,2,3,6,7,8_yield_svm_1",0.5651710505975764
663,"assays1,2,3,6,7,9_yield_forest_1",0.5739014824153098
664,"assays1,2,3,6,7,10_yield_forest_1",0.5583362660598465
665,"assays1,2,3,6,8,9_yield_forest_1",0.5292572102040988
666,"assays1,2,3,6,8,10_yield_forest_1",0.5427076640940051
667,"assays1,2,3,6,9,10_yield_forest_1",0.5374002186144129
668,"assays1,2,3,7,8,9_yield_forest_1",0.5234424363424846
669,"assays1,2,3,7,8,10_yield_forest_1",0.5224107975335172
670,"assays1,2,3,7,9,10_yield_forest_1",0.5403460173869485
671,"assays1,2,3,8,9,10_yield_forest_1",0.5077422103842928
672,"assays1,2,4,5,6,7_yield_forest_1",0.5524866258121576
673,"assays1,2,4,5,6,8_yield_forest_1",0.570475817159601
674,"assays1,2,4,5,6,9_yield_forest_1",0.55023014819178
675,"assays1,2,4,5,6,10_yield_forest_1",0.5393145491550476
676,"assays1,2,4,5,7,8_yield_forest_1",0.5458306432386767
677,"assays1,2,4,5,7,9_yield_forest_1",0.5399472637726975
678,"assays1,2,4,5,7,10_yield_forest_1",0.5324856749213768
679,"assays1,2,4,5,8,9_yield_forest_1",0.5293957269783078
680,"assays1,2,4,5,8,10_yield_forest_1",0.5183102150628836
681,"assays1,2,4,5,9,10_yield_forest_1",0.5471405594134688
682,"assays1,2,4,6,7,8_yield_forest_1",0.5424205862709057
683,"assays1,2,4,6,7,9_yield_forest_1",0.5532191140918161
684,"assays1,2,4,6,7,10_yield_forest_1",0.5329436730974385
685,"assays1,2,4,6,8,9_yield_forest_1",0.5375056298308085
686,"assays1,2,4,6,8,10_yield_forest_1",0.5235429143090345
687,"assays1,2,4,6,9,10_yield_forest_1",0.5375319068403576
688,"assays1,2,4,7,8,9_yield_forest_1",0.5238535160535679
689,"assays1,2,4,7,8,10_yield_forest_1",0.5186015086364331
690,"assays1,2,4,7,9,10_yield_forest_1",0.5362706789915839
691,"assays1,2,4,8,9,10_yield_forest_1",0.5280497029853998
692,"assays1,2,5,6,7,8_yield_forest_1",0.5542117942004741
693,"assays1,2,5,6,7,9_yield_forest_1",0.5601122681832115
694,"assays1,2,5,6,7,10_yield_forest_1",0.5386985154341261
695,"assays1,2,5,6,8,9_yield_forest_1",0.5408295739690052
696,"assays1,2,5,6,8,10_yield_forest_1",0.5286713794925044
697,"assays1,2,5,6,9,10_yield_forest_1",0.5607915128108695
698,"assays1,2,5,7,8,9_yield_forest_1",0.5231312468090824
699,"assays1,2,5,7,8,10_yield_forest_1",0.5121157089495169
700,"assays1,2,5,7,9,10_yield_forest_1",0.5232018517206516
701,"assays1,2,5,8,9,10_yield_forest_1",0.5118662035887686
702,"assays1,2,6,7,8,9_yield_forest_1",0.5343072477092103
703,"assays1,2,6,7,8,10_yield_forest_1",0.5349405151784741
704,"assays1,2,6,7,9,10_yield_forest_1",0.5450007266214987
705,"assays1,2,6,8,9,10_yield_forest_1",0.52272911932889
706,"assays1,2,7,8,9,10_yield_forest_1",0.5132713440379996
707,"assays1,3,4,5,6,7_yield_forest_1",0.5452901609300165
708,"assays1,3,4,5,6,8_yield_forest_1",0.5649754345260787
709,"assays1,3,4,5,6,9_yield_forest_1",0.5522963851382207
710,"assays1,3,4,5,6,10_yield_forest_1",0.5394546327314648
711,"assays1,3,4,5,7,8_yield_forest_1",0.5494110061295683
712,"assays1,3,4,5,7,9_yield_forest_1",0.5440942308390803
713,"assays1,3,4,5,7,10_yield_forest_1",0.5256980591052482
714,"assays1,3,4,5,8,9_yield_forest_1",0.5454390247329024
715,"assays1,3,4,5,8,10_yield_forest_1",0.5238063900775997
716,"assays1,3,4,5,9,10_yield_forest_1",0.5515843767850568
717,"assays1,3,4,6,7,8_yield_forest_1",0.5476873517513808
718,"assays1,3,4,6,7,9_yield_forest_1",0.5641662613326812
719,"assays1,3,4,6,7,10_yield_forest_1",0.5586696931323605
720,"assays1,3,4,6,8,9_yield_forest_1",0.5388027132715063
721,"assays1,3,4,6,8,10_yield_forest_1",0.5348552194426776
722,"assays1,3,4,6,9,10_yield_forest_1",0.5476931489041055
723,"assays1,3,4,7,8,9_yield_forest_1",0.5447358789401668
724,"assays1,3,4,7,8,10_yield_forest_1",0.5232170642389058
725,"assays1,3,4,7,9,10_yield_forest_1",0.5511981778622246
726,"assays1,3,4,8,9,10_yield_forest_1",0.5275648125883415
727,"assays1,3,5,6,7,8_yield_forest_1",0.5530120127990698
728,"assays1,3,5,6,7,9_yield_forest_1",0.5452853942773833
729,"assays1,3,5,6,7,10_yield_forest_1",0.5589919365781533
730,"assays1,3,5,6,8,9_yield_forest_1",0.5537591580479329
731,"assays1,3,5,6,8,10_yield_forest_1",0.5240881756573774
732,"assays1,3,5,6,9,10_yield_forest_1",0.5506986386517536
733,"assays1,3,5,7,8,9_yield_forest_1",0.5361467496854275
734,"assays1,3,5,7,8,10_yield_forest_1",0.51367328861303
735,"assays1,3,5,7,9,10_yield_forest_1",0.5434551133668329
736,"assays1,3,5,8,9,10_yield_forest_1",0.5106481564807066
737,"assays1,3,6,7,8,9_yield_forest_1",0.5391489348121635
738,"assays1,3,6,7,8,10_yield_forest_1",0.532124026328632
739,"assays1,3,6,7,9,10_yield_forest_1",0.5329033188846113
740,"assays1,3,6,8,9,10_yield_forest_1",0.5277028531820813
741,"assays1,3,7,8,9,10_yield_forest_1",0.5289837713995362
742,"assays1,4,5,6,7,8_yield_forest_1",0.5468095612440318
743,"assays1,4,5,6,7,9_yield_forest_1",0.555843154373184
744,"assays1,4,5,6,7,10_yield_forest_1",0.5324691490506662
745,"assays1,4,5,6,8,9_yield_forest_1",0.5340751914463256
746,"assays1,4,5,6,8,10_yield_forest_1",0.5288073388801696
747,"assays1,4,5,6,9,10_yield_forest_1",0.5473218743310401
748,"assays1,4,5,7,8,9_yield_forest_1",0.5281407644737595
749,"assays1,4,5,7,8,10_yield_forest_1",0.5153605627111786
750,"assays1,4,5,7,9,10_yield_forest_1",0.5265989377444711
751,"assays1,4,5,8,9,10_yield_forest_1",0.5101919356877767
752,"assays1,4,6,7,8,9_yield_forest_1",0.5519306817030254
753,"assays1,4,6,7,8,10_yield_forest_1",0.5220476220845154
754,"assays1,4,6,7,9,10_yield_svm_1",0.552273898841128
755,"assays1,4,6,8,9,10_yield_forest_1",0.5265337567217023
756,"assays1,4,7,8,9,10_yield_forest_1",0.52275589830791
757,"assays1,5,6,7,8,9_yield_forest_1",0.5274711921456295
758,"assays1,5,6,7,8,10_yield_forest_1",0.5249828149650324
759,"assays1,5,6,7,9,10_yield_forest_1",0.5282131533951738
760,"assays1,5,6,8,9,10_yield_forest_1",0.514567499085806
761,"assays1,5,7,8,9,10_yield_forest_1",0.505118783915072
762,"assays1,6,7,8,9,10_yield_forest_1",0.5207445828323828
763,"assays2,3,4,5,6,7_yield_ridge_1",0.5857354236169542
764,"assays2,3,4,5,6,8_yield_ridge_1",0.5932258675490003
765,"assays2,3,4,5,6,9_yield_svm_1",0.5902396334592106
766,"assays2,3,4,5,6,10_yield_svm_1",0.5848127011371054
767,"assays2,3,4,5,7,8_yield_svm_1",0.5677204597167054
768,"assays2,3,4,5,7,9_yield_ridge_1",0.5849832079997961
769,"assays2,3,4,5,7,10_yield_svm_1",0.5765180656515239
770,"assays2,3,4,5,8,9_yield_forest_1",0.5754942838258286
771,"assays2,3,4,5,8,10_yield_forest_1",0.5673526593333568
772,"assays2,3,4,5,9,10_yield_forest_1",0.5820667931364026
773,"assays2,3,4,6,7,8_yield_svm_1",0.5695335709548959
774,"assays2,3,4,6,7,9_yield_svm_1",0.5824121018100875
775,"assays2,3,4,6,7,10_yield_svm_1",0.5766738945964799
776,"assays2,3,4,6,8,9_yield_svm_1",0.5802285663208797
777,"assays2,3,4,6,8,10_yield_svm_1",0.5690301048498065
778,"assays2,3,4,6,9,10_yield_svm_1",0.5814153084855799
779,"assays2,3,4,7,8,9_yield_svm_1",0.5688281459285561
780,"assays2,3,4,7,8,10_yield_svm_1",0.5683353090160794
781,"assays2,3,4,7,9,10_yield_ridge_1",0.5811853665974456
782,"assays2,3,4,8,9,10_yield_svm_1",0.5724583872836204
783,"assays2,3,5,6,7,8_yield_svm_1",0.5717232693527843
784,"assays2,3,5,6,7,9_yield_svm_1",0.5836237728828045
785,"assays2,3,5,6,7,10_yield_svm_1",0.5867649899393482
786,"assays2,3,5,6,8,9_yield_forest_1",0.5753035241135959
787,"assays2,3,5,6,8,10_yield_forest_1",0.571914999502243
788,"assays2,3,5,6,9,10_yield_svm_1",0.5830956627241434
789,"assays2,3,5,7,8,9_yield_forest_1",0.5663760775413553
790,"assays2,3,5,7,8,10_yield_forest_1",0.5571463573531256
791,"assays2,3,5,7,9,10_yield_ridge_1",0.5820507649014905
792,"assays2,3,5,8,9,10_yield_forest_1",0.5516196394210351
793,"assays2,3,6,7,8,9_yield_svm_1",0.5637144431227478
794,"assays2,3,6,7,8,10_yield_svm_1",0.5702075322304934
795,"assays2,3,6,7,9,10_yield_svm_1",0.568418887707372
796,"assays2,3,6,8,9,10_yield_svm_1",0.5731458493838639
797,"assays2,3,7,8,9,10_yield_svm_1",0.567660176417961
798,"assays2,4,5,6,7,8_yield_svm_1",0.5715198196674136
799,"assays2,4,5,6,7,9_yield_svm_1",0.5845818640305597
800,"assays2,4,5,6,7,10_yield_ridge_1",0.5819766655592711
801,"assays2,4,5,6,8,9_yield_forest_1",0.5684553259960327
802,"assays2,4,5,6,8,10_yield_forest_1",0.5672423962002024
803,"assays2,4,5,6,9,10_yield_svm_1",0.5902478577678728
804,"assays2,4,5,7,8,9_yield_forest_1",0.5620651518098403
805,"assays2,4,5,7,8,10_yield_forest_1",0.5507168934857783
806,"assays2,4,5,7,9,10_yield_forest_1",0.580440883522729
807,"assays2,4,5,8,9,10_yield_forest_1",0.5499516790975709
808,"assays2,4,6,7,8,9_yield_svm_1",0.5675418036787087
809,"assays2,4,6,7,8,10_yield_forest_1",0.5661825160624743
810,"assays2,4,6,7,9,10_yield_ridge_1",0.5821905245610124
811,"assays2,4,6,8,9,10_yield_forest_1",0.5719732737622709
812,"assays2,4,7,8,9,10_yield_forest_1",0.5650227489797243
813,"assays2,5,6,7,8,9_yield_forest_1",0.5611851041483866
814,"assays2,5,6,7,8,10_yield_forest_1",0.560816173225952
815,"assays2,5,6,7,9,10_yield_ridge_1",0.579995223157604
816,"assays2,5,6,8,9,10_yield_forest_1",0.5543384500246489
817,"assays2,5,7,8,9,10_yield_forest_1",0.5437819590871888
818,"assays2,6,7,8,9,10_yield_forest_1",0.5630740649484143
819,"assays3,4,5,6,7,8_yield_svm_1",0.5745991638580306
820,"assays3,4,5,6,7,9_yield_svm_1",0.5849611372875453
821,"assays3,4,5,6,7,10_yield_ridge_1",0.5886926137605744
822,"assays3,4,5,6,8,9_yield_forest_1",0.5784641122701578
823,"assays3,4,5,6,8,10_yield_forest_1",0.5709460291673929
824,"assays3,4,5,6,9,10_yield_forest_1",0.5998718304701154
825,"assays3,4,5,7,8,9_yield_forest_1",0.5671938190960818
826,"assays3,4,5,7,8,10_yield_forest_1",0.5564514354981983
827,"assays3,4,5,7,9,10_yield_svm_1",0.5825832730500643
828,"assays3,4,5,8,9,10_yield_forest_1",0.548049780526447
829,"assays3,4,6,7,8,9_yield_svm_1",0.5675510626524936
830,"assays3,4,6,7,8,10_yield_svm_1",0.5696076498050726
831,"assays3,4,6,7,9,10_yield_svm_1",0.5673103838994868
832,"assays3,4,6,8,9,10_yield_svm_1",0.5724497323961422
833,"assays3,4,7,8,9,10_yield_svm_1",0.5641307903438931
834,"assays3,5,6,7,8,9_yield_forest_1",0.5671944716261387
835,"assays3,5,6,7,8,10_yield_forest_1",0.5646596412544642
836,"assays3,5,6,7,9,10_yield_ridge_1",0.5839427380395202
837,"assays3,5,6,8,9,10_yield_forest_1",0.5553657794037387
838,"assays3,5,7,8,9,10_yield_forest_1",0.5445788011483172
839,"assays3,6,7,8,9,10_yield_svm_1",0.5679496896896914
840,"assays4,5,6,7,8,9_yield_forest_1",0.5638190419140874
841,"assays4,5,6,7,8,10_yield_forest_1",0.559877902038077
842,"assays4,5,6,7,9,10_yield_ridge_1",0.5833891561149354
843,"assays4,5,6,8,9,10_yield_forest_1",0.546600739337335
844,"assays4,5,7,8,9,10_yield_forest_1",0.5405189546242377
845,"assays4,6,7,8,9,10_yield_forest_1",0.5669806770759563
846,"assays5,6,7,8,9,10_yield_forest_1",0.5562595164419479
847,"assays1,2,3,4,5,6,7_yield_forest_1",0.5558454495086887
848,"assays1,2,3,4,5,6,8_yield_forest_1",0.5617102732539591
849,"assays1,2,3,4,5,6,9_yield_forest_1",0.5599493803219933
850,"assays1,2,3,4,5,6,10_yield_forest_1",0.5514671233086792
851,"assays1,2,3,4,5,7,8_yield_forest_1",0.558374120674807
852,"assays1,2,3,4,5,7,9_yield_forest_1",0.5513083900520674
853,"assays1,2,3,4,5,7,10_yield_forest_1",0.5304350938735064
854,"assays1,2,3,4,5,8,9_yield_forest_1",0.5410511600336905
855,"assays1,2,3,4,5,8,10_yield_forest_1",0.5194680901821551
856,"assays1,2,3,4,5,9,10_yield_forest_1",0.5662733716550141
857,"assays1,2,3,4,6,7,8_yield_forest_1",0.5494122906642035
858,"assays1,2,3,4,6,7,9_yield_forest_1",0.5442161994703669
859,"assays1,2,3,4,6,7,10_yield_forest_1",0.540402387501701
860,"assays1,2,3,4,6,8,9_yield_forest_1",0.5457753633828781
861,"assays1,2,3,4,6,8,10_yield_forest_1",0.545826556909766
862,"assays1,2,3,4,6,9,10_yield_svm_1",0.5701994951306605
863,"assays1,2,3,4,7,8,9_yield_forest_1",0.544973485572469
864,"assays1,2,3,4,7,8,10_yield_forest_1",0.5343456558877608
865,"assays1,2,3,4,7,9,10_yield_forest_1",0.5423632546536696
866,"assays1,2,3,4,8,9,10_yield_forest_1",0.5254171542070348
867,"assays1,2,3,5,6,7,8_yield_forest_1",0.560279210535551
868,"assays1,2,3,5,6,7,9_yield_forest_1",0.5531873218555308
869,"assays1,2,3,5,6,7,10_yield_forest_1",0.5318033431047662
870,"assays1,2,3,5,6,8,9_yield_forest_1",0.5362971560470997
871,"assays1,2,3,5,6,8,10_yield_forest_1",0.5397216625723098
872,"assays1,2,3,5,6,9,10_yield_forest_1",0.538764535785741
873,"assays1,2,3,5,7,8,9_yield_forest_1",0.5295428424241694
874,"assays1,2,3,5,7,8,10_yield_forest_1",0.5220124156184384
875,"assays1,2,3,5,7,9,10_yield_forest_1",0.5392192733054528
876,"assays1,2,3,5,8,9,10_yield_forest_1",0.5249684252544274
877,"assays1,2,3,6,7,8,9_yield_forest_1",0.5416123679487403
878,"assays1,2,3,6,7,8,10_yield_forest_1",0.5187350803182845
879,"assays1,2,3,6,7,9,10_yield_forest_1",0.5417268114901436
880,"assays1,2,3,6,8,9,10_yield_forest_1",0.547796054408807
881,"assays1,2,3,7,8,9,10_yield_forest_1",0.5242179094364887
882,"assays1,2,4,5,6,7,8_yield_forest_1",0.5535819698491841
883,"assays1,2,4,5,6,7,9_yield_forest_1",0.5466348437989428
884,"assays1,2,4,5,6,7,10_yield_forest_1",0.5362379007166915
885,"assays1,2,4,5,6,8,9_yield_forest_1",0.5369268132041289
886,"assays1,2,4,5,6,8,10_yield_forest_1",0.541226084404973
887,"assays1,2,4,5,6,9,10_yield_forest_1",0.5616223582082531
888,"assays1,2,4,5,7,8,9_yield_forest_1",0.5316074902241084
889,"assays1,2,4,5,7,8,10_yield_forest_1",0.5161833995453182
890,"assays1,2,4,5,7,9,10_yield_forest_1",0.551184050618021
891,"assays1,2,4,5,8,9,10_yield_forest_1",0.5222139860012337
892,"assays1,2,4,6,7,8,9_yield_forest_1",0.5303172235917053
893,"assays1,2,4,6,7,8,10_yield_forest_1",0.524358422194706
894,"assays1,2,4,6,7,9,10_yield_forest_1",0.5564147712623254
895,"assays1,2,4,6,8,9,10_yield_forest_1",0.5307922065202576
896,"assays1,2,4,7,8,9,10_yield_forest_1",0.5235508126944257
897,"assays1,2,5,6,7,8,9_yield_forest_1",0.5354408700334929
898,"assays1,2,5,6,7,8,10_yield_forest_1",0.53134611319801
899,"assays1,2,5,6,7,9,10_yield_forest_1",0.5347061067185022
900,"assays1,2,5,6,8,9,10_yield_forest_1",0.5336137115247709
901,"assays1,2,5,7,8,9,10_yield_forest_1",0.513510372464188
902,"assays1,2,6,7,8,9,10_yield_forest_1",0.5249236535429673
903,"assays1,3,4,5,6,7,8_yield_forest_1",0.5550861724377542
904,"assays1,3,4,5,6,7,9_yield_forest_1",0.552962796273551
905,"assays1,3,4,5,6,7,10_yield_forest_1",0.5493712580158439
906,"assays1,3,4,5,6,8,9_yield_forest_1",0.5537592002840911
907,"assays1,3,4,5,6,8,10_yield_forest_1",0.544754378239573
908,"assays1,3,4,5,6,9,10_yield_forest_1",0.534054928820048
909,"assays1,3,4,5,7,8,9_yield_forest_1",0.5326451130383456
910,"assays1,3,4,5,7,8,10_yield_forest_1",0.5238106696611627
911,"assays1,3,4,5,7,9,10_yield_forest_1",0.5360459237671201
912,"assays1,3,4,5,8,9,10_yield_forest_1",0.5242669354252376
913,"assays1,3,4,6,7,8,9_yield_forest_1",0.5390387676692305
914,"assays1,3,4,6,7,8,10_yield_forest_1",0.5407158462364676
915,"assays1,3,4,6,7,9,10_yield_forest_1",0.5423186945114874
916,"assays1,3,4,6,8,9,10_yield_forest_1",0.5268678923190003
917,"assays1,3,4,7,8,9,10_yield_forest_1",0.5270731728048661
918,"assays1,3,5,6,7,8,9_yield_forest_1",0.5532049122374574
919,"assays1,3,5,6,7,8,10_yield_forest_1",0.5378088414448332
920,"assays1,3,5,6,7,9,10_yield_forest_1",0.5648010148044468
921,"assays1,3,5,6,8,9,10_yield_forest_1",0.5333550818953824
922,"assays1,3,5,7,8,9,10_yield_forest_1",0.5230924729596482
923,"assays1,3,6,7,8,9,10_yield_forest_1",0.5302555705631049
924,"assays1,4,5,6,7,8,9_yield_forest_1",0.5261844199439967
925,"assays1,4,5,6,7,8,10_yield_forest_1",0.5293937398541876
926,"assays1,4,5,6,7,9,10_yield_forest_1",0.5363012696338677
927,"assays1,4,5,6,8,9,10_yield_forest_1",0.5268744709691388
928,"assays1,4,5,7,8,9,10_yield_forest_1",0.5164256883886366
929,"assays1,4,6,7,8,9,10_yield_forest_1",0.5351237681807406
930,"assays1,5,6,7,8,9,10_yield_forest_1",0.5230277470565345
931,"assays2,3,4,5,6,7,8_yield_svm_1",0.5747665821095228
932,"assays2,3,4,5,6,7,9_yield_ridge_1",0.5878784051217084
933,"assays2,3,4,5,6,7,10_yield_ridge_1",0.5874322853850187
934,"assays2,3,4,5,6,8,9_yield_svm_1",0.5893749224403183
935,"assays2,3,4,5,6,8,10_yield_forest_1",0.584103790008004
936,"assays2,3,4,5,6,9,10_yield_svm_1",0.5879935331218654
937,"assays2,3,4,5,7,8,9_yield_svm_1",0.5692952988084655
938,"assays2,3,4,5,7,8,10_yield_forest_1",0.5666750902877896
939,"assays2,3,4,5,7,9,10_yield_ridge_1",0.5823560637572721
940,"assays2,3,4,5,8,9,10_yield_forest_1",0.5632239952110238
941,"assays2,3,4,6,7,8,9_yield_svm_1",0.5646849479403893
942,"assays2,3,4,6,7,8,10_yield_svm_1",0.5770052509166168
943,"assays2,3,4,6,7,9,10_yield_svm_1",0.5771010868318462
944,"assays2,3,4,6,8,9,10_yield_svm_1",0.5787653282439529
945,"assays2,3,4,7,8,9,10_yield_svm_1",0.5728306786613047
946,"assays2,3,5,6,7,8,9_yield_svm_1",0.5743233757737667
947,"assays2,3,5,6,7,8,10_yield_svm_1",0.5758173363288391
948,"assays2,3,5,6,7,9,10_yield_ridge_1",0.5852478464139903
949,"assays2,3,5,6,8,9,10_yield_forest_1",0.5675326262388796
950,"assays2,3,5,7,8,9,10_yield_forest_1",0.5569182231271366
951,"assays2,3,6,7,8,9,10_yield_svm_1",0.570393556388186
952,"assays2,4,5,6,7,8,9_yield_forest_1",0.5728348759289562
953,"assays2,4,5,6,7,8,10_yield_forest_1",0.5693367255709175
954,"assays2,4,5,6,7,9,10_yield_ridge_1",0.5852845098012069
955,"assays2,4,5,6,8,9,10_yield_forest_1",0.562439164660195
956,"assays2,4,5,7,8,9,10_yield_forest_1",0.5518984461135771
957,"assays2,4,6,7,8,9,10_yield_forest_1",0.5746440627252245
958,"assays2,5,6,7,8,9,10_yield_forest_1",0.5596328644331237
959,"assays3,4,5,6,7,8,9_yield_svm_1",0.5767052991674746
960,"assays3,4,5,6,7,8,10_yield_svm_1",0.5719991432982658
961,"assays3,4,5,6,7,9,10_yield_svm_1",0.5785257700389914
962,"assays3,4,5,6,8,9,10_yield_forest_1",0.5639868127518883
963,"assays3,4,5,7,8,9,10_yield_forest_1",0.5506063468586692
964,"assays3,4,6,7,8,9,10_yield_svm_1",0.5670748394914721
965,"assays3,5,6,7,8,9,10_yield_forest_1",0.562023434335196
966,"assays4,5,6,7,8,9,10_yield_forest_1",0.553605063094978
967,"assays1,2,3,4,5,6,7,8_yield_forest_1",0.5551872899929593
968,"assays1,2,3,4,5,6,7,9_yield_forest_1",0.5473709469235586
969,"assays1,2,3,4,5,6,7,10_yield_forest_1",0.5549989007668202
970,"assays1,2,3,4,5,6,8,9_yield_forest_1",0.5396170266561797
971,"assays1,2,3,4,5,6,8,10_yield_forest_1",0.5423175565602352
972,"assays1,2,3,4,5,6,9,10_yield_forest_1",0.5535976062897902
973,"assays1,2,3,4,5,7,8,9_yield_forest_1",0.5383369801550011
974,"assays1,2,3,4,5,7,8,10_yield_forest_1",0.523737115329378
975,"assays1,2,3,4,5,7,9,10_yield_forest_1",0.5350937435796281
976,"assays1,2,3,4,5,8,9,10_yield_forest_1",0.5347345996606535
977,"assays1,2,3,4,6,7,8,9_yield_forest_1",0.5463372921117449
978,"assays1,2,3,4,6,7,8,10_yield_forest_1",0.5459366196517582
979,"assays1,2,3,4,6,7,9,10_yield_forest_1",0.5443009291651246
980,"assays1,2,3,4,6,8,9,10_yield_forest_1",0.5461781321341777
981,"assays1,2,3,4,7,8,9,10_yield_forest_1",0.5292733687906075
982,"assays1,2,3,5,6,7,8,9_yield_forest_1",0.5573712095632003
983,"assays1,2,3,5,6,7,8,10_yield_forest_1",0.540906109080258
984,"assays1,2,3,5,6,7,9,10_yield_forest_1",0.5722787123127636
985,"assays1,2,3,5,6,8,9,10_yield_forest_1",0.5290112161588834
986,"assays1,2,3,5,7,8,9,10_yield_forest_1",0.5254462449574782
987,"assays1,2,3,6,7,8,9,10_yield_forest_1",0.5281216588427241
988,"assays1,2,4,5,6,7,8,9_yield_forest_1",0.5446458152857361
989,"assays1,2,4,5,6,7,8,10_yield_forest_1",0.5343904555746273
990,"assays1,2,4,5,6,7,9,10_yield_forest_1",0.5327731094459486
991,"assays1,2,4,5,6,8,9,10_yield_forest_1",0.5357972000446201
992,"assays1,2,4,5,7,8,9,10_yield_forest_1",0.5220871772675613
993,"assays1,2,4,6,7,8,9,10_yield_forest_1",0.5322854679785171
994,"assays1,2,5,6,7,8,9,10_yield_forest_1",0.5299449935625351
995,"assays1,3,4,5,6,7,8,9_yield_forest_1",0.5450667051728992
996,"assays1,3,4,5,6,7,8,10_yield_forest_1",0.5457448094508891
997,"assays1,3,4,5,6,7,9,10_yield_forest_1",0.5480544310167101
998,"assays1,3,4,5,6,8,9,10_yield_forest_1",0.5360706070686977
999,"assays1,3,4,5,7,8,9,10_yield_forest_1",0.5313953908845048
1000,"assays1,3,4,6,7,8,9,10_yield_forest_1",0.5313819822536029
1001,"assays1,3,5,6,7,8,9,10_yield_forest_1",0.5375960307800467
1002,"assays1,4,5,6,7,8,9,10_yield_forest_1",0.5237133989059254
1003,"assays2,3,4,5,6,7,8,9_yield_svm_1",0.5762646173128844
1004,"assays2,3,4,5,6,7,8,10_yield_svm_1",0.5809788508132491
1005,"assays2,3,4,5,6,7,9,10_yield_svm_1",0.5853152930092382
1006,"assays2,3,4,5,6,8,9,10_yield_forest_1",0.575142117503822
1007,"assays2,3,4,5,7,8,9,10_yield_forest_1",0.5643366305197519
1008,"assays2,3,4,6,7,8,9,10_yield_svm_1",0.5708969404264249
1009,"assays2,3,5,6,7,8,9,10_yield_forest_1",0.5664335504654632
1010,"assays2,4,5,6,7,8,9,10_yield_forest_1",0.5644241297664192
1011,"assays3,4,5,6,7,8,9,10_yield_svm_1",0.566838824696131
1012,"assays1,2,3,4,5,6,7,8,9_yield_forest_1",0.5537373431218674
1013,"assays1,2,3,4,5,6,7,8,10_yield_forest_1",0.5335282468294638
1014,"assays1,2,3,4,5,6,7,9,10_yield_forest_1",0.5518814461313741
1015,"assays1,2,3,4,5,6,8,9,10_yield_forest_1",0.5346084307281931
1016,"assays1,2,3,4,5,7,8,9,10_yield_forest_1",0.5210628048715616
1017,"assays1,2,3,4,6,7,8,9,10_yield_forest_1",0.5512286348427423
1018,"assays1,2,3,5,6,7,8,9,10_yield_forest_1",0.5365844586708606
1019,"assays1,2,4,5,6,7,8,9,10_yield_forest_1",0.5305143632050788
1020,"assays1,3,4,5,6,7,8,9,10_yield_forest_1",0.534086835986564
1021,"assays2,3,4,5,6,7,8,9,10_yield_ridge_1",0.5804996922591533
1022,"assays1,2,3,4,5,6,7,8,9,10_yield_forest_1",0.5435738270625403
