,0,1,2
0,assays1_yield_svm_1,0.5466577004773598,0.007722825039458717
1,assays2_yield_ridge_1,0.5893004883573165,0.004692517287412551
2,assays3_yield_svm_1,0.5943377658772341,0.007142733996827842
3,assays4_yield_svm_1,0.5980509086851679,0.006880175909578155
4,assays5_yield_forest_1,0.6174880926833963,0.00501561556398586
5,assays6_yield_ridge_1,0.6364425943188743,0.0032748598042994705
6,assays7_yield_ridge_1,0.669387409078589,0.005831117047100814
7,assays8_yield_forest_1,0.6401284063286511,0.014060246054517153
8,assays9_yield_forest_1,0.6624627998768868,0.008250700790846797
9,assays10_yield_svm_1,0.6331354555667783,0.008033769408835479
10,"assays1,2_yield_forest_1",0.5415798678650471,0.0070099137536239016
11,"assays1,3_yield_forest_1",0.568924057742934,0.013087123809824625
12,"assays1,4_yield_forest_1",0.548504900917195,0.012211998467253056
13,"assays1,5_yield_forest_1",0.5316708921077055,0.0048689391968773435
14,"assays1,6_yield_forest_1",0.5685524998618522,0.009132285217340098
15,"assays1,7_yield_forest_1",0.5298210741439905,0.005453051461790491
16,"assays1,8_yield_forest_1",0.5357488707960257,0.004877273726696751
17,"assays1,9_yield_forest_1",0.5356578159742919,0.007823897391755257
18,"assays1,10_yield_forest_1",0.5119265376780235,0.010900503508216286
19,"assays2,3_yield_svm_1",0.5856138079640199,0.007886831406401996
20,"assays2,4_yield_svm_1",0.5910301435848344,0.005001131469165253
21,"assays2,5_yield_forest_1",0.5932650216019666,0.0076718415512699
22,"assays2,6_yield_ridge_1",0.5928836818413784,0.005860381931577731
23,"assays2,7_yield_ridge_1",0.5717706558279279,0.0037246317196341313
24,"assays2,8_yield_forest_1",0.5763747449701547,0.008655088264414244
25,"assays2,9_yield_forest_1",0.5890814602345233,0.0117539419050739
26,"assays2,10_yield_svm_1",0.5727988005253338,0.007599783643506792
27,"assays3,4_yield_svm_1",0.5921726169768773,0.01044993832761969
28,"assays3,5_yield_ridge_1",0.5992156880845989,0.004083072390829893
29,"assays3,6_yield_svm_1",0.5903470410406101,0.006716463714173567
30,"assays3,7_yield_svm_1",0.5770116417549469,0.0048079148279476245
31,"assays3,8_yield_svm_1",0.5959714617744968,0.005541270119172525
32,"assays3,9_yield_svm_1",0.57656251463892,0.006438115784110484
33,"assays3,10_yield_svm_1",0.543130016511397,0.012610577701815012
34,"assays4,5_yield_forest_1",0.6001159789642296,0.006675242103488763
35,"assays4,6_yield_svm_1",0.6014144406567941,0.011789610908743841
36,"assays4,7_yield_ridge_1",0.5762039109039121,0.0048717614829409265
37,"assays4,8_yield_svm_1",0.5930363101048874,0.004413775873429732
38,"assays4,9_yield_forest_1",0.5823968706001692,0.011909508295793996
39,"assays4,10_yield_svm_1",0.548223255515091,0.007915432823773619
40,"assays5,6_yield_forest_1",0.6237510415995338,0.0057674806161578974
41,"assays5,7_yield_forest_1",0.6019894908144027,0.010561278831159687
42,"assays5,8_yield_forest_1",0.5796282779216846,0.009329990667120211
43,"assays5,9_yield_forest_1",0.5884496257183802,0.0038886896327040917
44,"assays5,10_yield_forest_1",0.6067039505021884,0.007458107981432538
45,"assays6,7_yield_ridge_1",0.6171471915746951,0.00590059227035835
46,"assays6,8_yield_forest_1",0.6187593058989105,0.012794533895202154
47,"assays6,9_yield_forest_1",0.634426065875837,0.005898086430764906
48,"assays6,10_yield_fnn_1",0.6307531975894529,0.00766487315361066
49,"assays7,8_yield_forest_1",0.621376420676977,0.008650956273307633
50,"assays7,9_yield_forest_1",0.6652029246953401,0.010163280634936689
51,"assays7,10_yield_ridge_1",0.6629299556525031,0.004542797133935445
52,"assays8,9_yield_forest_1",0.5974769919977401,0.010668277845369238
53,"assays8,10_yield_svm_1",0.5870791484975753,0.007671758111039954
54,"assays9,10_yield_svm_1",0.6680666625741907,0.01066337916243389
55,"assays1,2,3_yield_forest_1",0.5559853732980804,0.004508438380957779
56,"assays1,2,4_yield_forest_1",0.5386989590545447,0.006645359398002167
57,"assays1,2,5_yield_forest_1",0.5534160694608213,0.006361053398141816
58,"assays1,2,6_yield_forest_1",0.5592903877494888,0.0061544922756943884
59,"assays1,2,7_yield_forest_1",0.5474905222226747,0.01076926578063922
60,"assays1,2,8_yield_forest_1",0.5373888034084341,0.008012975403707816
61,"assays1,2,9_yield_forest_1",0.5363251808267236,0.007772859767964779
62,"assays1,2,10_yield_forest_1",0.5215021605923384,0.01159039044290861
63,"assays1,3,4_yield_forest_1",0.551710692355616,0.009888126440207813
64,"assays1,3,5_yield_forest_1",0.5664397898431,0.009098421650311153
65,"assays1,3,6_yield_forest_1",0.5649354819218343,0.01856799114753131
66,"assays1,3,7_yield_forest_1",0.5556941978040928,0.007633659482603274
67,"assays1,3,8_yield_forest_1",0.5598816487975188,0.014314965569664027
68,"assays1,3,9_yield_forest_1",0.5558094652151827,0.013048373416673954
69,"assays1,3,10_yield_forest_1",0.5230300491882605,0.008939784278162515
70,"assays1,4,5_yield_forest_1",0.5507370226177024,0.012639755469697216
71,"assays1,4,6_yield_forest_1",0.5645965435937745,0.010509545161370214
72,"assays1,4,7_yield_forest_1",0.5485844145321976,0.010846033423549752
73,"assays1,4,8_yield_forest_1",0.5468187358881268,0.00982087095552095
74,"assays1,4,9_yield_forest_1",0.5428641345138592,0.01156585253531291
75,"assays1,4,10_yield_forest_1",0.5207598287638256,0.01514581465961474
76,"assays1,5,6_yield_forest_1",0.5516701975096217,0.008027793347336191
77,"assays1,5,7_yield_forest_1",0.5477825018194588,0.010792400556596356
78,"assays1,5,8_yield_forest_1",0.5371956931716261,0.011134796601384077
79,"assays1,5,9_yield_forest_1",0.5275950353699999,0.008659309031185211
80,"assays1,5,10_yield_forest_1",0.5310101491270706,0.012209574285822472
81,"assays1,6,7_yield_forest_1",0.5415496941152222,0.01173632172712577
82,"assays1,6,8_yield_forest_1",0.5636409058951052,0.008957122392055528
83,"assays1,6,9_yield_forest_1",0.5581830278752973,0.008189807709482437
84,"assays1,6,10_yield_forest_1",0.5516159322827323,0.010691496740506855
85,"assays1,7,8_yield_forest_1",0.5330104392482112,0.009180530444671053
86,"assays1,7,9_yield_forest_1",0.5640910763166319,0.012222264769621443
87,"assays1,7,10_yield_forest_1",0.5104321633242207,0.006577751318734421
88,"assays1,8,9_yield_forest_1",0.512273283504869,0.009557687026987224
89,"assays1,8,10_yield_forest_1",0.49870203814305025,0.007935381914113561
90,"assays1,9,10_yield_forest_1",0.5291724957414364,0.009617195818544073
91,"assays2,3,4_yield_svm_1",0.5898634939722088,0.007992909028189754
92,"assays2,3,5_yield_svm_1",0.5942437492781889,0.007705780587978079
93,"assays2,3,6_yield_svm_1",0.5893931679759129,0.004899861681362292
94,"assays2,3,7_yield_svm_1",0.5727523104357919,0.005688056021955761
95,"assays2,3,8_yield_svm_1",0.5871096046353987,0.005650818692012368
96,"assays2,3,9_yield_svm_1",0.5903199444431962,0.006429932424752108
97,"assays2,3,10_yield_svm_1",0.5660653618366578,0.007023854097611049
98,"assays2,4,5_yield_ridge_1",0.5961127808599095,0.004817720257983957
99,"assays2,4,6_yield_svm_1",0.5875651686782598,0.00734816152790816
100,"assays2,4,7_yield_svm_1",0.5735904251490396,0.008513840301872116
101,"assays2,4,8_yield_ridge_1",0.5873951601420604,0.005022341839878333
102,"assays2,4,9_yield_svm_1",0.588508853379966,0.006025637834921081
103,"assays2,4,10_yield_fnn_1",0.5763561341776228,0.010190845963617766
104,"assays2,5,6_yield_ridge_1",0.5972018448020313,0.010567111516719397
105,"assays2,5,7_yield_ridge_1",0.5754801289507201,0.006999961127607791
106,"assays2,5,8_yield_forest_1",0.5731089173923614,0.006403133498833755
107,"assays2,5,9_yield_forest_1",0.5905657405541225,0.007173439310870113
108,"assays2,5,10_yield_forest_1",0.586366129126177,0.008546006742412154
109,"assays2,6,7_yield_ridge_1",0.5733039878105034,0.005002371825899233
110,"assays2,6,8_yield_ridge_1",0.5901639383842124,0.006041918097246651
111,"assays2,6,9_yield_ridge_1",0.5952243582942307,0.0034395830227545755
112,"assays2,6,10_yield_svm_1",0.5908149084711154,0.005621690067152457
113,"assays2,7,8_yield_svm_1",0.5610972714982249,0.004737569348993049
114,"assays2,7,9_yield_ridge_1",0.5773480146293936,0.00858246061516648
115,"assays2,7,10_yield_ridge_1",0.5735001309658176,0.007706886750773888
116,"assays2,8,9_yield_forest_1",0.5590938139241088,0.012166090068037433
117,"assays2,8,10_yield_svm_1",0.531924548809215,0.013374890180882084
118,"assays2,9,10_yield_fnn_1",0.5938822819222145,0.009415351454561464
119,"assays3,4,5_yield_svm_1",0.5952037688979613,0.010960603839003475
120,"assays3,4,6_yield_ridge_1",0.5979907387201295,0.0033160902610655466
121,"assays3,4,7_yield_svm_1",0.5748423639300666,0.006945806695763735
122,"assays3,4,8_yield_svm_1",0.5880523866721892,0.007240865566175174
123,"assays3,4,9_yield_svm_1",0.5863487494667946,0.0065398853178032824
124,"assays3,4,10_yield_svm_1",0.5577509904444133,0.011436623191240638
125,"assays3,5,6_yield_svm_1",0.595650951603444,0.007112864151095149
126,"assays3,5,7_yield_svm_1",0.5725503101710064,0.007050021804103739
127,"assays3,5,8_yield_forest_1",0.5867391080646666,0.007367792971934404
128,"assays3,5,9_yield_forest_1",0.5939993640668397,0.01026100988662307
129,"assays3,5,10_yield_forest_1",0.5872267563409723,0.008398672719613642
130,"assays3,6,7_yield_ridge_1",0.578341018004709,0.008338799260293005
131,"assays3,6,8_yield_svm_1",0.581166059418495,0.008442868098158174
132,"assays3,6,9_yield_svm_1",0.5740175246514282,0.005761022174123855
133,"assays3,6,10_yield_svm_1",0.5816879120459985,0.006885626840020351
134,"assays3,7,8_yield_svm_1",0.5595339884560289,0.005163632850579632
135,"assays3,7,9_yield_svm_1",0.5793788017481492,0.007359976124762143
136,"assays3,7,10_yield_svm_1",0.5416059079117372,0.010658130898041556
137,"assays3,8,9_yield_forest_1",0.5697989218464788,0.010096277805970376
138,"assays3,8,10_yield_svm_1",0.5371242672129943,0.007738239093926533
139,"assays3,9,10_yield_svm_1",0.5701904737610171,0.011001038227575853
140,"assays4,5,6_yield_ridge_1",0.6039899252622881,0.005867713331057209
141,"assays4,5,7_yield_ridge_1",0.578231278907071,0.007109318993187591
142,"assays4,5,8_yield_forest_1",0.5834987125151235,0.016324593765863978
143,"assays4,5,9_yield_forest_1",0.5771982802273393,0.00828308936328684
144,"assays4,5,10_yield_forest_1",0.5637368415007052,0.011254973012313738
145,"assays4,6,7_yield_ridge_1",0.5789802448587702,0.007878848939409341
146,"assays4,6,8_yield_svm_1",0.5985841124406714,0.005694207458966876
147,"assays4,6,9_yield_svm_1",0.600069672035022,0.010229131795913891
148,"assays4,6,10_yield_forest_1",0.5849709788837562,0.00896798015056716
149,"assays4,7,8_yield_svm_1",0.5650129993552726,0.006489359519185279
150,"assays4,7,9_yield_ridge_1",0.5841600326528797,0.004776778087596395
151,"assays4,7,10_yield_svm_1",0.5623714670652702,0.007670556631392697
152,"assays4,8,9_yield_forest_1",0.5574602139241519,0.007332838957287697
153,"assays4,8,10_yield_svm_1",0.5185400555877067,0.010739017232488922
154,"assays4,9,10_yield_svm_1",0.5730739737025978,0.007361084572888528
155,"assays5,6,7_yield_ridge_1",0.6023366467435773,0.007544199411647056
156,"assays5,6,8_yield_forest_1",0.5984215023766166,0.013032336353966433
157,"assays5,6,9_yield_forest_1",0.604841116825141,0.010750540869334578
158,"assays5,6,10_yield_forest_1",0.6222116760738952,0.007873340765779634
159,"assays5,7,8_yield_forest_1",0.5855440863299518,0.007069729757932664
160,"assays5,7,9_yield_forest_1",0.5954201655400545,0.01441594362858169
161,"assays5,7,10_yield_forest_1",0.5932255924249652,0.01296665430290528
162,"assays5,8,9_yield_forest_1",0.5345787991812844,0.008151952089975706
163,"assays5,8,10_yield_forest_1",0.5300638497185471,0.008358353604525618
164,"assays5,9,10_yield_forest_1",0.5919966541576793,0.007335196174359113
165,"assays6,7,8_yield_ridge_1",0.5977400380227854,0.0062888182619908195
166,"assays6,7,9_yield_ridge_1",0.6211984876943834,0.007286335939049416
167,"assays6,7,10_yield_ridge_1",0.6185629349412781,0.007102702191939274
168,"assays6,8,9_yield_forest_1",0.5752651533187894,0.014079692996150032
169,"assays6,8,10_yield_forest_1",0.58056885530623,0.012482159442852482
170,"assays6,9,10_yield_forest_1",0.6344101014772721,0.010846689766127161
171,"assays7,8,9_yield_forest_1",0.6009193244890294,0.008164669565099928
172,"assays7,8,10_yield_forest_1",0.5914366503814749,0.004205933779623676
173,"assays7,9,10_yield_ridge_1",0.6643432502369562,0.005625566250298656
174,"assays8,9,10_yield_forest_1",0.6032116413848897,0.008093606681653265
175,"assays1,2,3,4_yield_forest_1",0.5536252744469248,0.007814409959619613
176,"assays1,2,3,5_yield_forest_1",0.5673394660673915,0.008507197522974779
177,"assays1,2,3,6_yield_forest_1",0.56105325895794,0.00905853725408147
178,"assays1,2,3,7_yield_forest_1",0.5571320641553992,0.010311213519844707
179,"assays1,2,3,8_yield_forest_1",0.5533168523228502,0.008253223491215737
180,"assays1,2,3,9_yield_forest_1",0.5656421838299767,0.0077833263353810885
181,"assays1,2,3,10_yield_forest_1",0.5400895310397675,0.01156901714332653
182,"assays1,2,4,5_yield_forest_1",0.54578538253112,0.006409490131094441
183,"assays1,2,4,6_yield_forest_1",0.5626256517983879,0.012159888817350738
184,"assays1,2,4,7_yield_forest_1",0.5503188991218193,0.01833375534011103
185,"assays1,2,4,8_yield_forest_1",0.5326275540215227,0.004638688730608173
186,"assays1,2,4,9_yield_forest_1",0.5443247273958182,0.009591957762457484
187,"assays1,2,4,10_yield_forest_1",0.5341249610083966,0.014622035879224796
188,"assays1,2,5,6_yield_forest_1",0.5670235198705065,0.006677982303837053
189,"assays1,2,5,7_yield_forest_1",0.5502665294247573,0.006545106781644991
190,"assays1,2,5,8_yield_forest_1",0.5373151003884453,0.006042078855496475
191,"assays1,2,5,9_yield_forest_1",0.5443575549469258,0.010205990331571475
192,"assays1,2,5,10_yield_forest_1",0.5137366020787313,0.01280085529171132
193,"assays1,2,6,7_yield_forest_1",0.5605295714528817,0.007406833399989152
194,"assays1,2,6,8_yield_forest_1",0.5601835445430139,0.0068653063417354375
195,"assays1,2,6,9_yield_svm_1",0.5633247283252338,0.007347277188555266
196,"assays1,2,6,10_yield_forest_1",0.5511684034613499,0.016866926681576976
197,"assays1,2,7,8_yield_forest_1",0.5436058793079395,0.009580636172693559
198,"assays1,2,7,9_yield_forest_1",0.5330661012452131,0.01222864427137057
199,"assays1,2,7,10_yield_forest_1",0.5203534322916161,0.01460618385006731
200,"assays1,2,8,9_yield_forest_1",0.5247320926090822,0.011363222250949887
201,"assays1,2,8,10_yield_forest_1",0.5133598370624999,0.008709299235461904
202,"assays1,2,9,10_yield_forest_1",0.537193572827131,0.010327696464002216
203,"assays1,3,4,5_yield_forest_1",0.5651557395997735,0.013679048453304065
204,"assays1,3,4,6_yield_svm_1",0.5713715340566575,0.00521348887414509
205,"assays1,3,4,7_yield_forest_1",0.545026580868734,0.009514225233271797
206,"assays1,3,4,8_yield_forest_1",0.5404345053077011,0.009386288283737816
207,"assays1,3,4,9_yield_forest_1",0.5592214122217876,0.01019565611106807
208,"assays1,3,4,10_yield_forest_1",0.5296466797879991,0.011233933968361412
209,"assays1,3,5,6_yield_forest_1",0.5645965338656322,0.0057325315933157315
210,"assays1,3,5,7_yield_forest_1",0.5692176929887088,0.014261064437866388
211,"assays1,3,5,8_yield_forest_1",0.5555905911448582,0.016321846292094423
212,"assays1,3,5,9_yield_forest_1",0.5442400306379289,0.011355899829547352
213,"assays1,3,5,10_yield_forest_1",0.51702020543923,0.009998430050738217
214,"assays1,3,6,7_yield_forest_1",0.5596898674868325,0.009865757546026399
215,"assays1,3,6,8_yield_forest_1",0.5602515063652628,0.009714066738928807
216,"assays1,3,6,9_yield_forest_1",0.5573330553172896,0.0068126995163963555
217,"assays1,3,6,10_yield_forest_1",0.5281219136599191,0.014386313910802367
218,"assays1,3,7,8_yield_forest_1",0.5409193815319401,0.011997200134793242
219,"assays1,3,7,9_yield_forest_1",0.5499243063350059,0.011371447154423415
220,"assays1,3,7,10_yield_forest_1",0.5220116755830466,0.02054283161313521
221,"assays1,3,8,9_yield_forest_1",0.5297008158092607,0.008281768334726545
222,"assays1,3,8,10_yield_forest_1",0.5151148436731012,0.01563602298097601
223,"assays1,3,9,10_yield_forest_1",0.5350130922082416,0.011463821358424558
224,"assays1,4,5,6_yield_forest_1",0.5521828489595397,0.0066989252705584364
225,"assays1,4,5,7_yield_forest_1",0.5485238561662835,0.005461290389176147
226,"assays1,4,5,8_yield_forest_1",0.538792705713018,0.005809488983824427
227,"assays1,4,5,9_yield_forest_1",0.5369762022515806,0.008883459969245602
228,"assays1,4,5,10_yield_forest_1",0.5210786869071968,0.013776111546630205
229,"assays1,4,6,7_yield_forest_1",0.5510464288737341,0.008571045622767493
230,"assays1,4,6,8_yield_forest_1",0.5468842933879492,0.009972794975200542
231,"assays1,4,6,9_yield_forest_1",0.558681570004067,0.018117904217177433
232,"assays1,4,6,10_yield_forest_1",0.5254770964769288,0.0088933199633169
233,"assays1,4,7,8_yield_forest_1",0.5369089943747161,0.012147066335280442
234,"assays1,4,7,9_yield_forest_1",0.5518611682738349,0.017245158809167997
235,"assays1,4,7,10_yield_forest_1",0.5157966174749016,0.007279835374699667
236,"assays1,4,8,9_yield_forest_1",0.5275650266376978,0.005270635651052727
237,"assays1,4,8,10_yield_forest_1",0.5089079355975679,0.009063877052201982
238,"assays1,4,9,10_yield_forest_1",0.5335935646347201,0.012441756763276593
239,"assays1,5,6,7_yield_forest_1",0.5683329033642079,0.00947329762264666
240,"assays1,5,6,8_yield_forest_1",0.543628923346595,0.011581373460650472
241,"assays1,5,6,9_yield_forest_1",0.5375125379738874,0.011494980868396433
242,"assays1,5,6,10_yield_forest_1",0.543431710950679,0.009282364335706273
243,"assays1,5,7,8_yield_forest_1",0.5408809237485896,0.012735468289951982
244,"assays1,5,7,9_yield_forest_1",0.5398844373153252,0.013498130666352349
245,"assays1,5,7,10_yield_forest_1",0.5213285157682802,0.007375700393252584
246,"assays1,5,8,9_yield_forest_1",0.5069908452570466,0.010666690783298858
247,"assays1,5,8,10_yield_forest_1",0.4972766760314256,0.009280996049791913
248,"assays1,5,9,10_yield_forest_1",0.5099741624118215,0.009589706848566158
249,"assays1,6,7,8_yield_forest_1",0.5460411827882359,0.0059795541562146885
250,"assays1,6,7,9_yield_forest_1",0.5592312090359215,0.014006166116581965
251,"assays1,6,7,10_yield_forest_1",0.5304138206382973,0.015547525551751078
252,"assays1,6,8,9_yield_forest_1",0.5221446453305514,0.007585071522854568
253,"assays1,6,8,10_yield_forest_1",0.5118129345229854,0.016775198715642436
254,"assays1,6,9,10_yield_forest_1",0.5511834384127469,0.009539121814111741
255,"assays1,7,8,9_yield_forest_1",0.5218565605739836,0.005523507822391187
256,"assays1,7,8,10_yield_forest_1",0.5065273389302847,0.016099332390604223
257,"assays1,7,9,10_yield_forest_1",0.537199680170826,0.012436486732248755
258,"assays1,8,9,10_yield_forest_1",0.5101635149928171,0.008178286561757309
259,"assays2,3,4,5_yield_svm_1",0.5939601438798311,0.007528052973976255
260,"assays2,3,4,6_yield_svm_1",0.5855539009863316,0.006380088766048682
261,"assays2,3,4,7_yield_ridge_1",0.5779042407172033,0.006751268865232489
262,"assays2,3,4,8_yield_svm_1",0.5822930128976382,0.006600187172268349
263,"assays2,3,4,9_yield_svm_1",0.5861852419433123,0.0030818153141879477
264,"assays2,3,4,10_yield_svm_1",0.5796771265412282,0.005918778831085983
265,"assays2,3,5,6_yield_svm_1",0.5921588592865946,0.005653355414715164
266,"assays2,3,5,7_yield_ridge_1",0.577129463206337,0.004431041560147613
267,"assays2,3,5,8_yield_ridge_1",0.5920161839105866,0.00710916649079322
268,"assays2,3,5,9_yield_svm_1",0.5919938983913785,0.005882452050866894
269,"assays2,3,5,10_yield_fnn_1",0.5846618921024074,0.013673721288313245
270,"assays2,3,6,7_yield_svm_1",0.5778469720816539,0.005216646732187233
271,"assays2,3,6,8_yield_svm_1",0.5842439306048235,0.008619214580114906
272,"assays2,3,6,9_yield_svm_1",0.5807270472887244,0.004271537978437728
273,"assays2,3,6,10_yield_svm_1",0.5827206249717001,0.006762046370494961
274,"assays2,3,7,8_yield_svm_1",0.5597848290294591,0.005538260597054
275,"assays2,3,7,9_yield_svm_1",0.5806844223059228,0.00765971890096523
276,"assays2,3,7,10_yield_svm_1",0.5783231323780518,0.006507697388946571
277,"assays2,3,8,9_yield_forest_1",0.5690798244707651,0.008595645642807013
278,"assays2,3,8,10_yield_svm_1",0.5444929597251684,0.014462710059662178
279,"assays2,3,9,10_yield_fnn_1",0.5933426255715053,0.006411389992598962
280,"assays2,4,5,6_yield_svm_1",0.594037473318776,0.006337486398295908
281,"assays2,4,5,7_yield_ridge_1",0.5784033604253837,0.007454742556397295
282,"assays2,4,5,8_yield_forest_1",0.589212930118397,0.00929021235127081
283,"assays2,4,5,9_yield_forest_1",0.5892867370351127,0.007656887251358637
284,"assays2,4,5,10_yield_forest_1",0.5843782869664895,0.01119054812123912
285,"assays2,4,6,7_yield_ridge_1",0.5778049650053793,0.0049567338197750105
286,"assays2,4,6,8_yield_ridge_1",0.5902164394754499,0.0047751377032739985
287,"assays2,4,6,9_yield_svm_1",0.590013943483909,0.0072396672200571235
288,"assays2,4,6,10_yield_fnn_1",0.5836701477971132,0.008529607003330303
289,"assays2,4,7,8_yield_svm_1",0.5650703523852731,0.00660694467708125
290,"assays2,4,7,9_yield_ridge_1",0.5822160776810548,0.005669746879004624
291,"assays2,4,7,10_yield_fnn_1",0.5762332592710676,0.007231949545292348
292,"assays2,4,8,9_yield_forest_1",0.5698032923230965,0.0090682501294816
293,"assays2,4,8,10_yield_svm_1",0.5433148583121168,0.011496279361838455
294,"assays2,4,9,10_yield_ridge_1",0.5954949293712878,0.005454968358311768
295,"assays2,5,6,7_yield_ridge_1",0.5788061106891998,0.005381202228730636
296,"assays2,5,6,8_yield_forest_1",0.5939856229573666,0.005414374165372897
297,"assays2,5,6,9_yield_ridge_1",0.5948405678610108,0.0072170713452824956
298,"assays2,5,6,10_yield_svm_1",0.5963816052995157,0.006218726531215792
299,"assays2,5,7,8_yield_ridge_1",0.5663345250510988,0.005093634958441829
300,"assays2,5,7,9_yield_ridge_1",0.5798989627642865,0.00511645539212785
301,"assays2,5,7,10_yield_ridge_1",0.5749702040462961,0.007067780124439074
302,"assays2,5,8,9_yield_forest_1",0.5406293825676525,0.007311715488633262
303,"assays2,5,8,10_yield_forest_1",0.5377842857303723,0.011020613896787513
304,"assays2,5,9,10_yield_forest_1",0.5762834150154207,0.004458497894358803
305,"assays2,6,7,8_yield_svm_1",0.5621490620174618,0.005382588676478733
306,"assays2,6,7,9_yield_ridge_1",0.5790602539813836,0.006736124896387734
307,"assays2,6,7,10_yield_ridge_1",0.5775099248241918,0.006502435640541584
308,"assays2,6,8,9_yield_forest_1",0.5680317691285557,0.010316654852689374
309,"assays2,6,8,10_yield_forest_1",0.566675459365664,0.013900464634049573
310,"assays2,6,9,10_yield_fnn_1",0.5886984427991769,0.011709557268654462
311,"assays2,7,8,9_yield_ridge_1",0.5658363440796234,0.008303842695104523
312,"assays2,7,8,10_yield_svm_1",0.5445931012891119,0.009160985406618726
313,"assays2,7,9,10_yield_ridge_1",0.5731342496164914,0.00452293049073224
314,"assays2,8,9,10_yield_forest_1",0.5551357604696867,0.005034200779120168
315,"assays3,4,5,6_yield_svm_1",0.5806954653132481,0.0064625654184225206
316,"assays3,4,5,7_yield_ridge_1",0.5790510682571781,0.004104541711263913
317,"assays3,4,5,8_yield_forest_1",0.5961293435165699,0.005589934973257441
318,"assays3,4,5,9_yield_svm_1",0.599089405326478,0.004331604182062401
319,"assays3,4,5,10_yield_fnn_1",0.5898144383991173,0.00907422319737144
320,"assays3,4,6,7_yield_svm_1",0.570950758179981,0.004316991465620934
321,"assays3,4,6,8_yield_svm_1",0.5793773147120811,0.009461878350515894
322,"assays3,4,6,9_yield_svm_1",0.5792215864779967,0.005077442057094975
323,"assays3,4,6,10_yield_svm_1",0.5630025058187414,0.00761365522145517
324,"assays3,4,7,8_yield_ridge_1",0.5667814375869495,0.008442329885856848
325,"assays3,4,7,9_yield_svm_1",0.5817707565673776,0.005343607271361844
326,"assays3,4,7,10_yield_fnn_1",0.5620379871632208,0.010153336106131575
327,"assays3,4,8,9_yield_forest_1",0.5825383600330006,0.011649113554698652
328,"assays3,4,8,10_yield_svm_1",0.5400303944570516,0.013575264291875638
329,"assays3,4,9,10_yield_svm_1",0.5763258805587437,0.012985252779195397
330,"assays3,5,6,7_yield_ridge_1",0.5822809400727118,0.005411680444585687
331,"assays3,5,6,8_yield_svm_1",0.5950710709924791,0.008306307022268356
332,"assays3,5,6,9_yield_svm_1",0.5812150432651154,0.005881337375357047
333,"assays3,5,6,10_yield_fnn_1",0.5977086248256452,0.007835618030167678
334,"assays3,5,7,8_yield_svm_1",0.5721600966080784,0.003927541400389311
335,"assays3,5,7,9_yield_ridge_1",0.5851711743275871,0.006324905081001494
336,"assays3,5,7,10_yield_svm_1",0.5786420856826282,0.008088582374581758
337,"assays3,5,8,9_yield_forest_1",0.547447224278646,0.009048863969620473
338,"assays3,5,8,10_yield_forest_1",0.5403944731113862,0.01637879656977376
339,"assays3,5,9,10_yield_svm_1",0.5798839632408621,0.008186345119488955
340,"assays3,6,7,8_yield_ridge_1",0.5696720912989449,0.005000831276616227
341,"assays3,6,7,9_yield_svm_1",0.5828695499450562,0.010539548332884266
342,"assays3,6,7,10_yield_svm_1",0.5637215042881109,0.00475336238559002
343,"assays3,6,8,9_yield_svm_1",0.575004546270035,0.008546658515609146
344,"assays3,6,8,10_yield_svm_1",0.5594268467813023,0.009117301518420603
345,"assays3,6,9,10_yield_svm_1",0.5681076402385065,0.007374862811250933
346,"assays3,7,8,9_yield_svm_1",0.5660732489852276,0.0028827894338910023
347,"assays3,7,8,10_yield_svm_1",0.5364203648419609,0.010953250127316363
348,"assays3,7,9,10_yield_svm_1",0.5718301895750513,0.008651341930480545
349,"assays3,8,9,10_yield_forest_1",0.5574339340620547,0.0062569171622849935
350,"assays4,5,6,7_yield_ridge_1",0.5847861531926379,0.009867530589989081
351,"assays4,5,6,8_yield_svm_1",0.6028900651934851,0.006647762788877996
352,"assays4,5,6,9_yield_forest_1",0.5887440752093152,0.014080942259654542
353,"assays4,5,6,10_yield_forest_1",0.5906682129194758,0.011266019731811029
354,"assays4,5,7,8_yield_ridge_1",0.5691961988762622,0.00493208970476986
355,"assays4,5,7,9_yield_forest_1",0.5769604673381883,0.009182846729747668
356,"assays4,5,7,10_yield_forest_1",0.5663741066929844,0.006509394563014223
357,"assays4,5,8,9_yield_forest_1",0.5427832937958882,0.008984231729544892
358,"assays4,5,8,10_yield_forest_1",0.529426855480744,0.013924249000011723
359,"assays4,5,9,10_yield_forest_1",0.5700138262632397,0.007453010450898425
360,"assays4,6,7,8_yield_ridge_1",0.5705105632157824,0.00721393221035404
361,"assays4,6,7,9_yield_ridge_1",0.5839662562241401,0.00714361874757895
362,"assays4,6,7,10_yield_ridge_1",0.5810244400346509,0.008345258184239637
363,"assays4,6,8,9_yield_forest_1",0.5761025381910396,0.011890315692812278
364,"assays4,6,8,10_yield_forest_1",0.5645595980462247,0.008345843837529447
365,"assays4,6,9,10_yield_forest_1",0.5874417918363288,0.008650962501897569
366,"assays4,7,8,9_yield_forest_1",0.557829445214988,0.008224929841333396
367,"assays4,7,8,10_yield_svm_1",0.5417376041964174,0.011005825685071233
368,"assays4,7,9,10_yield_ridge_1",0.5778595786694259,0.0032793512975617437
369,"assays4,8,9,10_yield_forest_1",0.5412649165238167,0.007791935851477756
370,"assays5,6,7,8_yield_forest_1",0.5848951143487636,0.011016268635502013
371,"assays5,6,7,9_yield_forest_1",0.6044760589222079,0.0167406839228596
372,"assays5,6,7,10_yield_ridge_1",0.6057805558399421,0.0058507958713612685
373,"assays5,6,8,9_yield_forest_1",0.5443482866476701,0.006447578908082388
374,"assays5,6,8,10_yield_forest_1",0.5555241169928601,0.00605228793559056
375,"assays5,6,9,10_yield_forest_1",0.6040043861121204,0.011070161668791087
376,"assays5,7,8,9_yield_forest_1",0.5471234531962473,0.014497088365128367
377,"assays5,7,8,10_yield_forest_1",0.5462389608006084,0.011234201037279441
378,"assays5,7,9,10_yield_forest_1",0.5934633509809923,0.011994233541303106
379,"assays5,8,9,10_yield_forest_1",0.5367852867040199,0.01194391146047687
380,"assays6,7,8,9_yield_forest_1",0.5855124156032334,0.007649654730832094
381,"assays6,7,8,10_yield_forest_1",0.5870820645275339,0.010725809554236783
382,"assays6,7,9,10_yield_ridge_1",0.6187292960202082,0.006899083169045457
383,"assays6,8,9,10_yield_forest_1",0.5732301854732296,0.010768948012905726
384,"assays7,8,9,10_yield_forest_1",0.6156205497462983,0.015268813431074684
385,"assays1,2,3,4,5_yield_forest_1",0.5779814518448235,0.013553389526077587
386,"assays1,2,3,4,6_yield_forest_1",0.5645732570226938,0.011645869906521524
387,"assays1,2,3,4,7_yield_forest_1",0.5395395811124927,0.007706146456016878
388,"assays1,2,3,4,8_yield_forest_1",0.5520628424334143,0.01272024994666275
389,"assays1,2,3,4,9_yield_forest_1",0.5784967540038255,0.009593457216058898
390,"assays1,2,3,4,10_yield_forest_1",0.5288086946404389,0.013329199304519616
391,"assays1,2,3,5,6_yield_forest_1",0.5641167413566954,0.00823725913378225
392,"assays1,2,3,5,7_yield_forest_1",0.5465313355374295,0.007100191340492648
393,"assays1,2,3,5,8_yield_forest_1",0.5577449429330392,0.012036792007445219
394,"assays1,2,3,5,9_yield_forest_1",0.5449402836313902,0.007145549795754513
395,"assays1,2,3,5,10_yield_forest_1",0.5413400045891922,0.009958888185531931
396,"assays1,2,3,6,7_yield_forest_1",0.5640070724745774,0.00677061116530699
397,"assays1,2,3,6,8_yield_forest_1",0.5437622332247812,0.005600932222624369
398,"assays1,2,3,6,9_yield_forest_1",0.562921547274704,0.006284566377854599
399,"assays1,2,3,6,10_yield_forest_1",0.5496677937072817,0.012391317566590027
400,"assays1,2,3,7,8_yield_forest_1",0.5557169420192721,0.009075799634694062
401,"assays1,2,3,7,9_yield_forest_1",0.5548889122867646,0.00364639997831082
402,"assays1,2,3,7,10_yield_forest_1",0.5266446157844837,0.013252384743017789
403,"assays1,2,3,8,9_yield_forest_1",0.5329064738893395,0.011442597534759208
404,"assays1,2,3,8,10_yield_forest_1",0.5257133068249822,0.014037157658776242
405,"assays1,2,3,9,10_yield_forest_1",0.5541584611557756,0.005606872773100525
406,"assays1,2,4,5,6_yield_forest_1",0.5560606374203994,0.016004140449231624
407,"assays1,2,4,5,7_yield_forest_1",0.5542678758312034,0.01374173600769448
408,"assays1,2,4,5,8_yield_forest_1",0.5477069467359612,0.008086404264433118
409,"assays1,2,4,5,9_yield_forest_1",0.548363482606759,0.00901874300206409
410,"assays1,2,4,5,10_yield_forest_1",0.5385108152341134,0.00759762899782667
411,"assays1,2,4,6,7_yield_forest_1",0.541175069334819,0.012640968433810379
412,"assays1,2,4,6,8_yield_forest_1",0.5551326178001496,0.011049857948687104
413,"assays1,2,4,6,9_yield_forest_1",0.561256115514768,0.011342960163282857
414,"assays1,2,4,6,10_yield_forest_1",0.5450724653125072,0.010736004649525692
415,"assays1,2,4,7,8_yield_forest_1",0.5382564991008449,0.010906787226093808
416,"assays1,2,4,7,9_yield_forest_1",0.5603110738897098,0.009485144118897388
417,"assays1,2,4,7,10_yield_forest_1",0.5245645441549609,0.008990706644824271
418,"assays1,2,4,8,9_yield_forest_1",0.5496748903660548,0.008911421674325393
419,"assays1,2,4,8,10_yield_forest_1",0.5240571715667374,0.009844766033087694
420,"assays1,2,4,9,10_yield_forest_1",0.5293409075478959,0.007564920752815598
421,"assays1,2,5,6,7_yield_forest_1",0.5416608165646842,0.014000549513464031
422,"assays1,2,5,6,8_yield_forest_1",0.5646422220134901,0.014633671616638111
423,"assays1,2,5,6,9_yield_forest_1",0.5416583011295029,0.014804923510722667
424,"assays1,2,5,6,10_yield_forest_1",0.5497630659448371,0.01138189585616394
425,"assays1,2,5,7,8_yield_forest_1",0.5355645494720183,0.007164959253585203
426,"assays1,2,5,7,9_yield_forest_1",0.5434316778801523,0.013182845822127514
427,"assays1,2,5,7,10_yield_forest_1",0.5252170611105607,0.014177629946794413
428,"assays1,2,5,8,9_yield_forest_1",0.5193263197454826,0.009225532922749908
429,"assays1,2,5,8,10_yield_forest_1",0.5076014872645633,0.010534701251830437
430,"assays1,2,5,9,10_yield_forest_1",0.5494175104285984,0.015395578135716981
431,"assays1,2,6,7,8_yield_forest_1",0.5400468874708327,0.010652993419447074
432,"assays1,2,6,7,9_yield_svm_1",0.5617264512963208,0.00665178750286939
433,"assays1,2,6,7,10_yield_forest_1",0.5466875683008244,0.013054993070624805
434,"assays1,2,6,8,9_yield_forest_1",0.5421991413470151,0.007636776396611516
435,"assays1,2,6,8,10_yield_forest_1",0.5190351858855996,0.008700966154592508
436,"assays1,2,6,9,10_yield_forest_1",0.5537639105466374,0.012921209405127355
437,"assays1,2,7,8,9_yield_forest_1",0.5178395903780549,0.011164963887527588
438,"assays1,2,7,8,10_yield_forest_1",0.5097516374799778,0.013908359608264276
439,"assays1,2,7,9,10_yield_forest_1",0.5274197726937189,0.011462782959197676
440,"assays1,2,8,9,10_yield_forest_1",0.522381774000377,0.010615691346625381
441,"assays1,3,4,5,6_yield_forest_1",0.5603695723806921,0.011311265101086527
442,"assays1,3,4,5,7_yield_forest_1",0.5508413447781286,0.012225125636421728
443,"assays1,3,4,5,8_yield_forest_1",0.5619603407496931,0.012260596123933607
444,"assays1,3,4,5,9_yield_forest_1",0.5689525397516215,0.011681558321497101
445,"assays1,3,4,5,10_yield_forest_1",0.546490440902607,0.00974213640384381
446,"assays1,3,4,6,7_yield_svm_1",0.5653992002888526,0.006655632344995487
447,"assays1,3,4,6,8_yield_forest_1",0.5547118398526221,0.008742831660555948
448,"assays1,3,4,6,9_yield_forest_1",0.5588798558084281,0.007660629600297696
449,"assays1,3,4,6,10_yield_forest_1",0.5350072198478044,0.010634518446642106
450,"assays1,3,4,7,8_yield_svm_1",0.5589440989795934,0.004436620227350087
451,"assays1,3,4,7,9_yield_svm_1",0.5656465727859079,0.005021287438464464
452,"assays1,3,4,7,10_yield_forest_1",0.5432804993921188,0.013194174646133133
453,"assays1,3,4,8,9_yield_forest_1",0.5383186646273839,0.009055645252039593
454,"assays1,3,4,8,10_yield_forest_1",0.521617683910031,0.006358102417964901
455,"assays1,3,4,9,10_yield_forest_1",0.5473667398121023,0.007858057167569424
456,"assays1,3,5,6,7_yield_forest_1",0.562622119443773,0.01621886959502927
457,"assays1,3,5,6,8_yield_svm_1",0.5769977220225029,0.008677653510209882
458,"assays1,3,5,6,9_yield_forest_1",0.5620896276530449,0.006164910711285929
459,"assays1,3,5,6,10_yield_forest_1",0.5655108986338936,0.01321925897975023
460,"assays1,3,5,7,8_yield_forest_1",0.5496087816371056,0.008993236020101677
461,"assays1,3,5,7,9_yield_forest_1",0.5519413388976104,0.01337881284959627
462,"assays1,3,5,7,10_yield_forest_1",0.5420776168990397,0.011928860270518758
463,"assays1,3,5,8,9_yield_forest_1",0.5294542154053334,0.007062251888130323
464,"assays1,3,5,8,10_yield_forest_1",0.5149865735319695,0.007104939177624805
465,"assays1,3,5,9,10_yield_forest_1",0.5209292740907683,0.011359220732259954
466,"assays1,3,6,7,8_yield_forest_1",0.5512966923543884,0.008703118339671346
467,"assays1,3,6,7,9_yield_forest_1",0.545955296818264,0.01084562933395085
468,"assays1,3,6,7,10_yield_svm_1",0.5452290393387922,0.004953977726376217
469,"assays1,3,6,8,9_yield_forest_1",0.5351541866649681,0.009405982742203117
470,"assays1,3,6,8,10_yield_forest_1",0.5275558626852264,0.00975061553987382
471,"assays1,3,6,9,10_yield_forest_1",0.5414847012964805,0.00883000624212024
472,"assays1,3,7,8,9_yield_forest_1",0.5523883663026443,0.0077005664709073164
473,"assays1,3,7,8,10_yield_forest_1",0.5186373171126372,0.010239849500503627
474,"assays1,3,7,9,10_yield_forest_1",0.5548286565919225,0.008980467314794106
475,"assays1,3,8,9,10_yield_forest_1",0.5105786327851359,0.009741200071435996
476,"assays1,4,5,6,7_yield_forest_1",0.5704243972420523,0.010837793871014436
477,"assays1,4,5,6,8_yield_forest_1",0.5500776970728377,0.005309620644332014
478,"assays1,4,5,6,9_yield_forest_1",0.5576041085540628,0.012216752189522817
479,"assays1,4,5,6,10_yield_forest_1",0.5444014430669324,0.006692244710326436
480,"assays1,4,5,7,8_yield_forest_1",0.5420459220756746,0.010781775888161184
481,"assays1,4,5,7,9_yield_forest_1",0.5427056393756767,0.01056927150592789
482,"assays1,4,5,7,10_yield_forest_1",0.5247255839679654,0.012392386035664742
483,"assays1,4,5,8,9_yield_forest_1",0.5244433137576356,0.010526745283222842
484,"assays1,4,5,8,10_yield_forest_1",0.5032207029153855,0.0104951342757724
485,"assays1,4,5,9,10_yield_forest_1",0.5266035629013748,0.006740908126189891
486,"assays1,4,6,7,8_yield_forest_1",0.5596654308164267,0.010567395172054638
487,"assays1,4,6,7,9_yield_forest_1",0.5502525479554204,0.009395044456005915
488,"assays1,4,6,7,10_yield_forest_1",0.5213582026852819,0.007534017680234204
489,"assays1,4,6,8,9_yield_forest_1",0.5305573081247623,0.007876409207458019
490,"assays1,4,6,8,10_yield_forest_1",0.5345658447582002,0.0063451998281102455
491,"assays1,4,6,9,10_yield_forest_1",0.5335143250211191,0.009659824773654641
492,"assays1,4,7,8,9_yield_forest_1",0.5405330800297127,0.009503496214233076
493,"assays1,4,7,8,10_yield_forest_1",0.5113085705523992,0.008793184487296211
494,"assays1,4,7,9,10_yield_forest_1",0.5275360682552444,0.005985123840210434
495,"assays1,4,8,9,10_yield_forest_1",0.5232683845845048,0.0074958666768146515
496,"assays1,5,6,7,8_yield_forest_1",0.5539525908117218,0.012267142122785166
497,"assays1,5,6,7,9_yield_forest_1",0.5590891727169413,0.010472279442049266
498,"assays1,5,6,7,10_yield_forest_1",0.5433672499587312,0.011165536734202215
499,"assays1,5,6,8,9_yield_forest_1",0.5313641876652231,0.010978353489813136
500,"assays1,5,6,8,10_yield_forest_1",0.5222934669002137,0.00764092377983804
501,"assays1,5,6,9,10_yield_forest_1",0.535648101018271,0.013821719500697915
502,"assays1,5,7,8,9_yield_forest_1",0.5157688706432355,0.009456039306944322
503,"assays1,5,7,8,10_yield_forest_1",0.5045900996433822,0.011452075265237312
504,"assays1,5,7,9,10_yield_forest_1",0.5344558600384027,0.01436798366353283
505,"assays1,5,8,9,10_yield_forest_1",0.4988855202168211,0.0095511862704835
506,"assays1,6,7,8,9_yield_forest_1",0.5271750927414601,0.009207597690980653
507,"assays1,6,7,8,10_yield_forest_1",0.5247705411427291,0.013487120200495993
508,"assays1,6,7,9,10_yield_forest_1",0.5540945935525549,0.009909887032658467
509,"assays1,6,8,9,10_yield_forest_1",0.5179083199511675,0.006082673010787868
510,"assays1,7,8,9,10_yield_forest_1",0.5134294166630992,0.010014164896012341
511,"assays2,3,4,5,6_yield_svm_1",0.5915396333246652,0.0058461934831539365
512,"assays2,3,4,5,7_yield_svm_1",0.5830631042374341,0.004325083537807387
513,"assays2,3,4,5,8_yield_svm_1",0.5879971485640383,0.009448513730320022
514,"assays2,3,4,5,9_yield_forest_1",0.5936294231380901,0.00816266634958309
515,"assays2,3,4,5,10_yield_forest_1",0.5831536673828295,0.008369452967348206
516,"assays2,3,4,6,7_yield_fnn_1",0.5759136467742889,0.005744008324776734
517,"assays2,3,4,6,8_yield_svm_1",0.5883745190529629,0.006656292806743229
518,"assays2,3,4,6,9_yield_svm_1",0.5838958296538946,0.005994310206892404
519,"assays2,3,4,6,10_yield_svm_1",0.5804503038048247,0.008575381041041009
520,"assays2,3,4,7,8_yield_svm_1",0.5647567681786002,0.007542956806638616
521,"assays2,3,4,7,9_yield_svm_1",0.5775826577795069,0.0076100604872356885
522,"assays2,3,4,7,10_yield_svm_1",0.569039399717463,0.006943101525241301
523,"assays2,3,4,8,9_yield_svm_1",0.5833109250599223,0.004776522539953269
524,"assays2,3,4,8,10_yield_svm_1",0.5706280851821445,0.010960087055833902
525,"assays2,3,4,9,10_yield_svm_1",0.5722380044450153,0.008287046916510441
526,"assays2,3,5,6,7_yield_ridge_1",0.5813690834724239,0.0038221546088062254
527,"assays2,3,5,6,8_yield_svm_1",0.5910099433454935,0.008268771708925341
528,"assays2,3,5,6,9_yield_svm_1",0.5944688333778967,0.01107018258640925
529,"assays2,3,5,6,10_yield_svm_1",0.5827019716534855,0.007937257620679582
530,"assays2,3,5,7,8_yield_svm_1",0.5680102527243459,0.013897055883621879
531,"assays2,3,5,7,9_yield_svm_1",0.5837501168938505,0.007374069231511861
532,"assays2,3,5,7,10_yield_fnn_1",0.5770905128587874,0.00700666280792105
533,"assays2,3,5,8,9_yield_forest_1",0.5618513231850557,0.010444975387415185
534,"assays2,3,5,8,10_yield_forest_1",0.5568972090726565,0.006664065899876773
535,"assays2,3,5,9,10_yield_svm_1",0.5879931336531553,0.005410278101643633
536,"assays2,3,6,7,8_yield_svm_1",0.5625890631471661,0.006922809798238188
537,"assays2,3,6,7,9_yield_ridge_1",0.5806767114550816,0.005034102574600122
538,"assays2,3,6,7,10_yield_svm_1",0.5699284636469877,0.011974192476652023
539,"assays2,3,6,8,9_yield_svm_1",0.5776548840202692,0.0035551534239430323
540,"assays2,3,6,8,10_yield_svm_1",0.5739282286357406,0.006263208905750919
541,"assays2,3,6,9,10_yield_svm_1",0.5796248163523776,0.008048199177054724
542,"assays2,3,7,8,9_yield_svm_1",0.5691561094009653,0.005343060533027897
543,"assays2,3,7,8,10_yield_svm_1",0.5507558589020463,0.014583839875442052
544,"assays2,3,7,9,10_yield_svm_1",0.5741799787239052,0.009919033735331503
545,"assays2,3,8,9,10_yield_forest_1",0.5647576720172138,0.008689739975067511
546,"assays2,4,5,6,7_yield_ridge_1",0.5826527997166548,0.005212699147562713
547,"assays2,4,5,6,8_yield_svm_1",0.5929755032353808,0.006591861083127287
548,"assays2,4,5,6,9_yield_svm_1",0.5947000018190823,0.010099366543712511
549,"assays2,4,5,6,10_yield_ridge_1",0.5978291725431556,0.00745113123418195
550,"assays2,4,5,7,8_yield_svm_1",0.5648387806144413,0.004897783515504367
551,"assays2,4,5,7,9_yield_forest_1",0.5781296674133398,0.0072509411693890274
552,"assays2,4,5,7,10_yield_forest_1",0.5792304615764279,0.010016953678915544
553,"assays2,4,5,8,9_yield_forest_1",0.5592189381597381,0.008385526392477851
554,"assays2,4,5,8,10_yield_forest_1",0.5490049646767816,0.01327713271030069
555,"assays2,4,5,9,10_yield_forest_1",0.5804165336789181,0.009800131690338451
556,"assays2,4,6,7,8_yield_svm_1",0.5696259765105998,0.002958806472074634
557,"assays2,4,6,7,9_yield_ridge_1",0.5821103928399372,0.005906035329145527
558,"assays2,4,6,7,10_yield_fnn_1",0.5784778693990204,0.00992615268904638
559,"assays2,4,6,8,9_yield_forest_1",0.5864546597697677,0.010136106261720427
560,"assays2,4,6,8,10_yield_forest_1",0.5687734089553704,0.007821164575680075
561,"assays2,4,6,9,10_yield_svm_1",0.5857010919418613,0.005580637493877583
562,"assays2,4,7,8,9_yield_ridge_1",0.5703903607755952,0.009267432743179838
563,"assays2,4,7,8,10_yield_svm_1",0.5529083794935377,0.01419117751472123
564,"assays2,4,7,9,10_yield_forest_1",0.5765913471234356,0.014952855517714426
565,"assays2,4,8,9,10_yield_forest_1",0.5659512222627123,0.012051731892416154
566,"assays2,5,6,7,8_yield_ridge_1",0.568996197848219,0.007083922798941852
567,"assays2,5,6,7,9_yield_ridge_1",0.5863253908550353,0.005201785193727373
568,"assays2,5,6,7,10_yield_ridge_1",0.582824622222583,0.004414474144222462
569,"assays2,5,6,8,9_yield_forest_1",0.5545147382195081,0.010407928631140975
570,"assays2,5,6,8,10_yield_forest_1",0.5585404000552463,0.007054800194336508
571,"assays2,5,6,9,10_yield_forest_1",0.5914082224028846,0.01063483707828093
572,"assays2,5,7,8,9_yield_forest_1",0.5439208019044769,0.01174180830437726
573,"assays2,5,7,8,10_yield_forest_1",0.5382304793478857,0.010503567226586907
574,"assays2,5,7,9,10_yield_ridge_1",0.5764227620923277,0.007030472213803135
575,"assays2,5,8,9,10_yield_forest_1",0.5396097389327131,0.009085473989796183
576,"assays2,6,7,8,9_yield_svm_1",0.5648031823423556,0.00498210266413986
577,"assays2,6,7,8,10_yield_forest_1",0.5682357459866817,0.009549105560497559
578,"assays2,6,7,9,10_yield_ridge_1",0.5779252007442222,0.007445244160679611
579,"assays2,6,8,9,10_yield_forest_1",0.5617682595724494,0.008260696909655994
580,"assays2,7,8,9,10_yield_forest_1",0.5565936438902225,0.007887070131586184
581,"assays3,4,5,6,7_yield_svm_1",0.5808388361201444,0.005279520096980089
582,"assays3,4,5,6,8_yield_ridge_1",0.5983192726501594,0.0069268088630267295
583,"assays3,4,5,6,9_yield_svm_1",0.5871843475328898,0.005118908579905756
584,"assays3,4,5,6,10_yield_svm_1",0.5765414881688103,0.0073118989376112905
585,"assays3,4,5,7,8_yield_ridge_1",0.5720457349070958,0.0029500541254286095
586,"assays3,4,5,7,9_yield_ridge_1",0.5869621760316523,0.01010635435453135
587,"assays3,4,5,7,10_yield_fnn_1",0.5710304711083375,0.00891000285715373
588,"assays3,4,5,8,9_yield_forest_1",0.5655378822920241,0.00898676379915839
589,"assays3,4,5,8,10_yield_forest_1",0.5501513777072045,0.008972736306057386
590,"assays3,4,5,9,10_yield_svm_1",0.5772740987527802,0.006946430866672478
591,"assays3,4,6,7,8_yield_ridge_1",0.5699622931590257,0.006733284191957299
592,"assays3,4,6,7,9_yield_svm_1",0.5750047042313238,0.005986617963765326
593,"assays3,4,6,7,10_yield_svm_1",0.564843318911171,0.007457014357978869
594,"assays3,4,6,8,9_yield_svm_1",0.5770328301098908,0.00634341063477055
595,"assays3,4,6,8,10_yield_forest_1",0.5773572874892962,0.006793034573117187
596,"assays3,4,6,9,10_yield_svm_1",0.5800847343990737,0.007651841530290708
597,"assays3,4,7,8,9_yield_svm_1",0.5657581409540893,0.0038701978046459373
598,"assays3,4,7,8,10_yield_svm_1",0.5345400704137085,0.011237053399934182
599,"assays3,4,7,9,10_yield_ridge_1",0.5781368667450016,0.006677336530436883
600,"assays3,4,8,9,10_yield_forest_1",0.5583769572709752,0.006692127119732877
601,"assays3,5,6,7,8_yield_ridge_1",0.5760671331579529,0.007278321568891458
602,"assays3,5,6,7,9_yield_svm_1",0.5872445573657432,0.007842754435672145
603,"assays3,5,6,7,10_yield_ridge_1",0.5874738138922353,0.010771931251620312
604,"assays3,5,6,8,9_yield_forest_1",0.5662388073222868,0.0092403484958764
605,"assays3,5,6,8,10_yield_forest_1",0.5605192769372482,0.008196559531112067
606,"assays3,5,6,9,10_yield_svm_1",0.5801529797200706,0.010440320309794896
607,"assays3,5,7,8,9_yield_forest_1",0.5569738393580914,0.00954718951261945
608,"assays3,5,7,8,10_yield_forest_1",0.5446789801954378,0.010666529385770547
609,"assays3,5,7,9,10_yield_svm_1",0.5734230875511911,0.010057546878856212
610,"assays3,5,8,9,10_yield_forest_1",0.5383301447480318,0.007297418650984345
611,"assays3,6,7,8,9_yield_svm_1",0.5709325202616686,0.008259459393205779
612,"assays3,6,7,8,10_yield_svm_1",0.5662434305546729,0.009403926840735877
613,"assays3,6,7,9,10_yield_svm_1",0.5699296778968079,0.006446409012032963
614,"assays3,6,8,9,10_yield_svm_1",0.5608737958624451,0.007551547140619259
615,"assays3,7,8,9,10_yield_svm_1",0.5472742346782965,0.006924620918969467
616,"assays4,5,6,7,8_yield_ridge_1",0.5754859786395942,0.00901143159680964
617,"assays4,5,6,7,9_yield_ridge_1",0.5874889117827806,0.0068137644669760975
618,"assays4,5,6,7,10_yield_ridge_1",0.5845039445444598,0.010222862051414958
619,"assays4,5,6,8,9_yield_forest_1",0.5542823980223864,0.008969630832269843
620,"assays4,5,6,8,10_yield_forest_1",0.553128472421968,0.0072923339774439875
621,"assays4,5,6,9,10_yield_forest_1",0.5793275474543648,0.012760761050977693
622,"assays4,5,7,8,9_yield_forest_1",0.5481866040643599,0.006576830328392888
623,"assays4,5,7,8,10_yield_forest_1",0.5423841916298912,0.008236803835715036
624,"assays4,5,7,9,10_yield_forest_1",0.5692346550647016,0.011796668229068517
625,"assays4,5,8,9,10_yield_forest_1",0.5300620413441117,0.009585211209271537
626,"assays4,6,7,8,9_yield_ridge_1",0.5714641686072801,0.004908073465093608
627,"assays4,6,7,8,10_yield_svm_1",0.5560353067789536,0.01555357521597836
628,"assays4,6,7,9,10_yield_ridge_1",0.5813632357768236,0.006421768160909143
629,"assays4,6,8,9,10_yield_forest_1",0.5580184834082348,0.005427872698377804
630,"assays4,7,8,9,10_yield_forest_1",0.548673337508279,0.01025475194175577
631,"assays5,6,7,8,9_yield_forest_1",0.5581655565772955,0.008683218524566164
632,"assays5,6,7,8,10_yield_forest_1",0.5612962147675222,0.010329955786238701
633,"assays5,6,7,9,10_yield_ridge_1",0.602593649884838,0.0035566757122892814
634,"assays5,6,8,9,10_yield_forest_1",0.542824317174665,0.012923857824827576
635,"assays5,7,8,9,10_yield_forest_1",0.5402653554984532,0.01664040484392413
636,"assays6,7,8,9,10_yield_forest_1",0.5854662605480032,0.006271401226959325
637,"assays1,2,3,4,5,6_yield_forest_1",0.584009826173966,0.010297748517345363
638,"assays1,2,3,4,5,7_yield_forest_1",0.5483093830759956,0.005974914321222268
639,"assays1,2,3,4,5,8_yield_forest_1",0.5449758582935502,0.005218706301526745
640,"assays1,2,3,4,5,9_yield_forest_1",0.5528164348614218,0.00894493288664369
641,"assays1,2,3,4,5,10_yield_forest_1",0.5411328951250661,0.01704012014587015
642,"assays1,2,3,4,6,7_yield_forest_1",0.5450639755311453,0.010705278558236072
643,"assays1,2,3,4,6,8_yield_forest_1",0.5629188717762067,0.009060254868379167
644,"assays1,2,3,4,6,9_yield_forest_1",0.5572769946985318,0.014247343295156312
645,"assays1,2,3,4,6,10_yield_forest_1",0.530434735514002,0.013515227514602789
646,"assays1,2,3,4,7,8_yield_forest_1",0.5319238719872648,0.011616503318530522
647,"assays1,2,3,4,7,9_yield_forest_1",0.548415359694537,0.007343375443520559
648,"assays1,2,3,4,7,10_yield_forest_1",0.5336716642126518,0.007679574666030005
649,"assays1,2,3,4,8,9_yield_forest_1",0.5340893716909993,0.016495047144175476
650,"assays1,2,3,4,8,10_yield_forest_1",0.5230142982970902,0.01397402908687977
651,"assays1,2,3,4,9,10_yield_forest_1",0.532746503214615,0.007937739852075435
652,"assays1,2,3,5,6,7_yield_forest_1",0.5544365008507427,0.007103140568163201
653,"assays1,2,3,5,6,8_yield_forest_1",0.5770239357958784,0.007858767587872474
654,"assays1,2,3,5,6,9_yield_svm_1",0.5788499485788653,0.006139036006206274
655,"assays1,2,3,5,6,10_yield_forest_1",0.546132843450119,0.009090051267321694
656,"assays1,2,3,5,7,8_yield_forest_1",0.5508279002502202,0.011063637638724842
657,"assays1,2,3,5,7,9_yield_forest_1",0.5422450886607254,0.00867228697931376
658,"assays1,2,3,5,7,10_yield_forest_1",0.5446608045221352,0.014553108287623177
659,"assays1,2,3,5,8,9_yield_forest_1",0.5343820875407682,0.012074651716742199
660,"assays1,2,3,5,8,10_yield_forest_1",0.5184201542251194,0.012594037858841046
661,"assays1,2,3,5,9,10_yield_forest_1",0.5604154426134189,0.008469258909376233
662,"assays1,2,3,6,7,8_yield_svm_1",0.5651710505975764,0.008129087954990878
663,"assays1,2,3,6,7,9_yield_forest_1",0.5739014824153098,0.011267874054228277
664,"assays1,2,3,6,7,10_yield_forest_1",0.5583362660598465,0.013209044204858017
665,"assays1,2,3,6,8,9_yield_forest_1",0.5292572102040988,0.013457937253486289
666,"assays1,2,3,6,8,10_yield_forest_1",0.5427076640940051,0.00840187323123529
667,"assays1,2,3,6,9,10_yield_forest_1",0.5374002186144129,0.009261524090692287
668,"assays1,2,3,7,8,9_yield_forest_1",0.5234424363424846,0.007838464997777227
669,"assays1,2,3,7,8,10_yield_forest_1",0.5224107975335172,0.016747288621841695
670,"assays1,2,3,7,9,10_yield_forest_1",0.5403460173869485,0.012846831082114674
671,"assays1,2,3,8,9,10_yield_forest_1",0.5077422103842928,0.007981577362814364
672,"assays1,2,4,5,6,7_yield_forest_1",0.5524866258121576,0.012954902201415855
673,"assays1,2,4,5,6,8_yield_forest_1",0.570475817159601,0.01337365795828977
674,"assays1,2,4,5,6,9_yield_forest_1",0.55023014819178,0.012063944991834977
675,"assays1,2,4,5,6,10_yield_forest_1",0.5393145491550476,0.013529494775059053
676,"assays1,2,4,5,7,8_yield_forest_1",0.5458306432386767,0.0061800105176108054
677,"assays1,2,4,5,7,9_yield_forest_1",0.5399472637726975,0.012763454232589405
678,"assays1,2,4,5,7,10_yield_forest_1",0.5324856749213768,0.016033508220925682
679,"assays1,2,4,5,8,9_yield_forest_1",0.5293957269783078,0.012899304237858414
680,"assays1,2,4,5,8,10_yield_forest_1",0.5183102150628836,0.016118557042188904
681,"assays1,2,4,5,9,10_yield_forest_1",0.5471405594134688,0.016187143622754013
682,"assays1,2,4,6,7,8_yield_forest_1",0.5424205862709057,0.010380308669617358
683,"assays1,2,4,6,7,9_yield_forest_1",0.5532191140918161,0.012379670547363884
684,"assays1,2,4,6,7,10_yield_forest_1",0.5329436730974385,0.011089560004888825
685,"assays1,2,4,6,8,9_yield_forest_1",0.5375056298308085,0.015406684645323077
686,"assays1,2,4,6,8,10_yield_forest_1",0.5235429143090345,0.014361356145650914
687,"assays1,2,4,6,9,10_yield_forest_1",0.5375319068403576,0.005166140239433094
688,"assays1,2,4,7,8,9_yield_forest_1",0.5238535160535679,0.00893696589132632
689,"assays1,2,4,7,8,10_yield_forest_1",0.5186015086364331,0.006799871062728205
690,"assays1,2,4,7,9,10_yield_forest_1",0.5362706789915839,0.010308762253792018
691,"assays1,2,4,8,9,10_yield_forest_1",0.5280497029853998,0.006431683120365085
692,"assays1,2,5,6,7,8_yield_forest_1",0.5542117942004741,0.007655648119500957
693,"assays1,2,5,6,7,9_yield_forest_1",0.5601122681832115,0.006846831770768731
694,"assays1,2,5,6,7,10_yield_forest_1",0.5386985154341261,0.009319130481161765
695,"assays1,2,5,6,8,9_yield_forest_1",0.5408295739690052,0.009361123603716603
696,"assays1,2,5,6,8,10_yield_forest_1",0.5286713794925044,0.009722747906148889
697,"assays1,2,5,6,9,10_yield_forest_1",0.5607915128108695,0.014781127327597343
698,"assays1,2,5,7,8,9_yield_forest_1",0.5231312468090824,0.014137312683271973
699,"assays1,2,5,7,8,10_yield_forest_1",0.5121157089495169,0.013717835643372124
700,"assays1,2,5,7,9,10_yield_forest_1",0.5232018517206516,0.006970960088940407
701,"assays1,2,5,8,9,10_yield_forest_1",0.5118662035887686,0.018285255631719
702,"assays1,2,6,7,8,9_yield_forest_1",0.5343072477092103,0.0075783733924230205
703,"assays1,2,6,7,8,10_yield_forest_1",0.5349405151784741,0.007548778434565224
704,"assays1,2,6,7,9,10_yield_forest_1",0.5450007266214987,0.014455149262612332
705,"assays1,2,6,8,9,10_yield_forest_1",0.52272911932889,0.013901707897137603
706,"assays1,2,7,8,9,10_yield_forest_1",0.5132713440379996,0.00810515684828459
707,"assays1,3,4,5,6,7_yield_forest_1",0.5452901609300165,0.010147809958839158
708,"assays1,3,4,5,6,8_yield_forest_1",0.5649754345260787,0.0075635535993142725
709,"assays1,3,4,5,6,9_yield_forest_1",0.5522963851382207,0.007834283031674563
710,"assays1,3,4,5,6,10_yield_forest_1",0.5394546327314648,0.013391949284964528
711,"assays1,3,4,5,7,8_yield_forest_1",0.5494110061295683,0.00979856536669531
712,"assays1,3,4,5,7,9_yield_forest_1",0.5440942308390803,0.006985858308236581
713,"assays1,3,4,5,7,10_yield_forest_1",0.5256980591052482,0.01103902310343826
714,"assays1,3,4,5,8,9_yield_forest_1",0.5454390247329024,0.013964162737186123
715,"assays1,3,4,5,8,10_yield_forest_1",0.5238063900775997,0.014125649959756386
716,"assays1,3,4,5,9,10_yield_forest_1",0.5515843767850568,0.012398718731153908
717,"assays1,3,4,6,7,8_yield_forest_1",0.5476873517513808,0.008597999404807074
718,"assays1,3,4,6,7,9_yield_forest_1",0.5641662613326812,0.01319550385224182
719,"assays1,3,4,6,7,10_yield_forest_1",0.5586696931323605,0.007995613404558524
720,"assays1,3,4,6,8,9_yield_forest_1",0.5388027132715063,0.011991647472831025
721,"assays1,3,4,6,8,10_yield_forest_1",0.5348552194426776,0.008371576122561822
722,"assays1,3,4,6,9,10_yield_forest_1",0.5476931489041055,0.013705855689052311
723,"assays1,3,4,7,8,9_yield_forest_1",0.5447358789401668,0.015447886283166377
724,"assays1,3,4,7,8,10_yield_forest_1",0.5232170642389058,0.013163889131895984
725,"assays1,3,4,7,9,10_yield_forest_1",0.5511981778622246,0.015632803244906488
726,"assays1,3,4,8,9,10_yield_forest_1",0.5275648125883415,0.01598870630644516
727,"assays1,3,5,6,7,8_yield_forest_1",0.5530120127990698,0.008291685477781406
728,"assays1,3,5,6,7,9_yield_forest_1",0.5452853942773833,0.0077980740855208616
729,"assays1,3,5,6,7,10_yield_forest_1",0.5589919365781533,0.008396285437992012
730,"assays1,3,5,6,8,9_yield_forest_1",0.5537591580479329,0.013146541685086596
731,"assays1,3,5,6,8,10_yield_forest_1",0.5240881756573774,0.009027480594668548
732,"assays1,3,5,6,9,10_yield_forest_1",0.5506986386517536,0.008107571129182214
733,"assays1,3,5,7,8,9_yield_forest_1",0.5361467496854275,0.011970132186865219
734,"assays1,3,5,7,8,10_yield_forest_1",0.51367328861303,0.0151394818516017
735,"assays1,3,5,7,9,10_yield_forest_1",0.5434551133668329,0.01113637035762209
736,"assays1,3,5,8,9,10_yield_forest_1",0.5106481564807066,0.013400308738106277
737,"assays1,3,6,7,8,9_yield_forest_1",0.5391489348121635,0.008893289513985618
738,"assays1,3,6,7,8,10_yield_forest_1",0.532124026328632,0.005627065804354563
739,"assays1,3,6,7,9,10_yield_forest_1",0.5329033188846113,0.008507975775990646
740,"assays1,3,6,8,9,10_yield_forest_1",0.5277028531820813,0.01427900491368732
741,"assays1,3,7,8,9,10_yield_forest_1",0.5289837713995362,0.009654930745275896
742,"assays1,4,5,6,7,8_yield_forest_1",0.5468095612440318,0.007340564935701214
743,"assays1,4,5,6,7,9_yield_forest_1",0.555843154373184,0.012148351723363213
744,"assays1,4,5,6,7,10_yield_forest_1",0.5324691490506662,0.008066534981100257
745,"assays1,4,5,6,8,9_yield_forest_1",0.5340751914463256,0.009636825988979102
746,"assays1,4,5,6,8,10_yield_forest_1",0.5288073388801696,0.008831933021958956
747,"assays1,4,5,6,9,10_yield_forest_1",0.5473218743310401,0.012586440923878138
748,"assays1,4,5,7,8,9_yield_forest_1",0.5281407644737595,0.007715908051252488
749,"assays1,4,5,7,8,10_yield_forest_1",0.5153605627111786,0.010085999898232388
750,"assays1,4,5,7,9,10_yield_forest_1",0.5265989377444711,0.007561713251758812
751,"assays1,4,5,8,9,10_yield_forest_1",0.5101919356877767,0.013267870184546438
752,"assays1,4,6,7,8,9_yield_forest_1",0.5519306817030254,0.013439137899148234
753,"assays1,4,6,7,8,10_yield_forest_1",0.5220476220845154,0.014377942188825826
754,"assays1,4,6,7,9,10_yield_svm_1",0.552273898841128,0.006294762128349016
755,"assays1,4,6,8,9,10_yield_forest_1",0.5265337567217023,0.011888081426165494
756,"assays1,4,7,8,9,10_yield_forest_1",0.52275589830791,0.014893124704383644
757,"assays1,5,6,7,8,9_yield_forest_1",0.5274711921456295,0.009483265915791439
758,"assays1,5,6,7,8,10_yield_forest_1",0.5249828149650324,0.01133789086926506
759,"assays1,5,6,7,9,10_yield_forest_1",0.5282131533951738,0.010722197686175178
760,"assays1,5,6,8,9,10_yield_forest_1",0.514567499085806,0.0067467643107394885
761,"assays1,5,7,8,9,10_yield_forest_1",0.505118783915072,0.010426499449083085
762,"assays1,6,7,8,9,10_yield_forest_1",0.5207445828323828,0.011674431526234286
763,"assays2,3,4,5,6,7_yield_fnn_1",0.5822678802591282,0.008910956747492147
764,"assays2,3,4,5,6,8_yield_ridge_1",0.5932258675490003,0.0061041689030308195
765,"assays2,3,4,5,6,9_yield_svm_1",0.5902396334592106,0.00930365388072417
766,"assays2,3,4,5,6,10_yield_svm_1",0.5848127011371054,0.005090772472239525
767,"assays2,3,4,5,7,8_yield_svm_1",0.5677204597167054,0.006091088284943834
768,"assays2,3,4,5,7,9_yield_ridge_1",0.5849832079997961,0.008047959871858683
769,"assays2,3,4,5,7,10_yield_svm_1",0.5765180656515239,0.006116486354722359
770,"assays2,3,4,5,8,9_yield_forest_1",0.5754942838258286,0.010389481233205431
771,"assays2,3,4,5,8,10_yield_forest_1",0.5673526593333568,0.008489077745478996
772,"assays2,3,4,5,9,10_yield_forest_1",0.5820667931364026,0.009827909721776372
773,"assays2,3,4,6,7,8_yield_svm_1",0.5695335709548959,0.007651348926106515
774,"assays2,3,4,6,7,9_yield_svm_1",0.5824121018100875,0.008530914583804443
775,"assays2,3,4,6,7,10_yield_svm_1",0.5766738945964799,0.007345619125373764
776,"assays2,3,4,6,8,9_yield_svm_1",0.5802285663208797,0.0063786955418630355
777,"assays2,3,4,6,8,10_yield_svm_1",0.5690301048498065,0.006570504713663745
778,"assays2,3,4,6,9,10_yield_svm_1",0.5814153084855799,0.009142430650284613
779,"assays2,3,4,7,8,9_yield_svm_1",0.5688281459285561,0.008504251708623435
780,"assays2,3,4,7,8,10_yield_svm_1",0.5683353090160794,0.014170493981402549
781,"assays2,3,4,7,9,10_yield_ridge_1",0.5811853665974456,0.005693348258691418
782,"assays2,3,4,8,9,10_yield_svm_1",0.5724583872836204,0.00736957314054854
783,"assays2,3,5,6,7,8_yield_svm_1",0.5717232693527843,0.007650445571895973
784,"assays2,3,5,6,7,9_yield_svm_1",0.5836237728828045,0.008348212173357109
785,"assays2,3,5,6,7,10_yield_svm_1",0.5867649899393482,0.009393385257841032
786,"assays2,3,5,6,8,9_yield_forest_1",0.5753035241135959,0.01463037281295533
787,"assays2,3,5,6,8,10_yield_forest_1",0.571914999502243,0.012377370845792037
788,"assays2,3,5,6,9,10_yield_svm_1",0.5830956627241434,0.009701382113707874
789,"assays2,3,5,7,8,9_yield_forest_1",0.5663760775413553,0.007196070587685978
790,"assays2,3,5,7,8,10_yield_forest_1",0.5571463573531256,0.008953107128310184
791,"assays2,3,5,7,9,10_yield_ridge_1",0.5820507649014905,0.006242376979544167
792,"assays2,3,5,8,9,10_yield_forest_1",0.5516196394210351,0.013357502857040937
793,"assays2,3,6,7,8,9_yield_svm_1",0.5637144431227478,0.005516913140945953
794,"assays2,3,6,7,8,10_yield_fnn_1",0.5686439688185034,0.007986307883192538
795,"assays2,3,6,7,9,10_yield_svm_1",0.568418887707372,0.009294868413514169
796,"assays2,3,6,8,9,10_yield_svm_1",0.5731458493838639,0.008681106354446962
797,"assays2,3,7,8,9,10_yield_svm_1",0.567660176417961,0.011264006264758644
798,"assays2,4,5,6,7,8_yield_svm_1",0.5715198196674136,0.0049857871556255
799,"assays2,4,5,6,7,9_yield_svm_1",0.5845818640305597,0.004681782860910591
800,"assays2,4,5,6,7,10_yield_ridge_1",0.5819766655592711,0.010691077157977171
801,"assays2,4,5,6,8,9_yield_forest_1",0.5684553259960327,0.008771008752903549
802,"assays2,4,5,6,8,10_yield_forest_1",0.5672423962002024,0.011624739660913819
803,"assays2,4,5,6,9,10_yield_svm_1",0.5902478577678728,0.005566761964286154
804,"assays2,4,5,7,8,9_yield_forest_1",0.5620651518098403,0.006904207368947537
805,"assays2,4,5,7,8,10_yield_forest_1",0.5507168934857783,0.008509197559711364
806,"assays2,4,5,7,9,10_yield_forest_1",0.580440883522729,0.010384412831407976
807,"assays2,4,5,8,9,10_yield_forest_1",0.5499516790975709,0.011900453715251605
808,"assays2,4,6,7,8,9_yield_svm_1",0.5675418036787087,0.006425960130737034
809,"assays2,4,6,7,8,10_yield_forest_1",0.5661825160624743,0.010140845113216721
810,"assays2,4,6,7,9,10_yield_ridge_1",0.5821905245610124,0.009090262622881635
811,"assays2,4,6,8,9,10_yield_forest_1",0.5719732737622709,0.014017857650302947
812,"assays2,4,7,8,9,10_yield_forest_1",0.5650227489797243,0.009736363740936055
813,"assays2,5,6,7,8,9_yield_forest_1",0.5611851041483866,0.008051233042518141
814,"assays2,5,6,7,8,10_yield_forest_1",0.560816173225952,0.007569068602728231
815,"assays2,5,6,7,9,10_yield_ridge_1",0.579995223157604,0.005420659866712441
816,"assays2,5,6,8,9,10_yield_forest_1",0.5543384500246489,0.0099744194330379
817,"assays2,5,7,8,9,10_yield_forest_1",0.5437819590871888,0.013320590958905332
818,"assays2,6,7,8,9,10_yield_forest_1",0.5630740649484143,0.0069688158358988065
819,"assays3,4,5,6,7,8_yield_svm_1",0.5745991638580306,0.009837175184156844
820,"assays3,4,5,6,7,9_yield_svm_1",0.5849611372875453,0.008073358135234292
821,"assays3,4,5,6,7,10_yield_fnn_1",0.5784053341416375,0.0084399925351055
822,"assays3,4,5,6,8,9_yield_forest_1",0.5784641122701578,0.010548345871175164
823,"assays3,4,5,6,8,10_yield_forest_1",0.5709460291673929,0.008654784431482137
824,"assays3,4,5,6,9,10_yield_forest_1",0.5998718304701154,0.00867683846464466
825,"assays3,4,5,7,8,9_yield_forest_1",0.5671938190960818,0.010948362943247188
826,"assays3,4,5,7,8,10_yield_forest_1",0.5564514354981983,0.00846700706611604
827,"assays3,4,5,7,9,10_yield_svm_1",0.5825832730500643,0.008471598514656814
828,"assays3,4,5,8,9,10_yield_forest_1",0.548049780526447,0.007244213328094571
829,"assays3,4,6,7,8,9_yield_svm_1",0.5675510626524936,0.006708357879189486
830,"assays3,4,6,7,8,10_yield_svm_1",0.5696076498050726,0.009835242603589716
831,"assays3,4,6,7,9,10_yield_svm_1",0.5673103838994868,0.006135535789983274
832,"assays3,4,6,8,9,10_yield_svm_1",0.5724497323961422,0.010597459610879895
833,"assays3,4,7,8,9,10_yield_svm_1",0.5641307903438931,0.0066095115108672385
834,"assays3,5,6,7,8,9_yield_forest_1",0.5671944716261387,0.00857625947756093
835,"assays3,5,6,7,8,10_yield_forest_1",0.5646596412544642,0.00645377134880435
836,"assays3,5,6,7,9,10_yield_ridge_1",0.5839427380395202,0.008563496778644873
837,"assays3,5,6,8,9,10_yield_forest_1",0.5553657794037387,0.010825309238842347
838,"assays3,5,7,8,9,10_yield_forest_1",0.5445788011483172,0.00849091080481147
839,"assays3,6,7,8,9,10_yield_svm_1",0.5679496896896914,0.00613059185494968
840,"assays4,5,6,7,8,9_yield_forest_1",0.5638190419140874,0.006014130207803767
841,"assays4,5,6,7,8,10_yield_forest_1",0.559877902038077,0.008232032284999503
842,"assays4,5,6,7,9,10_yield_ridge_1",0.5833891561149354,0.00814193707169443
843,"assays4,5,6,8,9,10_yield_forest_1",0.546600739337335,0.005361238964271461
844,"assays4,5,7,8,9,10_yield_forest_1",0.5405189546242377,0.010012040478773696
845,"assays4,6,7,8,9,10_yield_forest_1",0.5669806770759563,0.009495115753202516
846,"assays5,6,7,8,9,10_yield_forest_1",0.5562595164419479,0.01023396830876757
847,"assays1,2,3,4,5,6,7_yield_forest_1",0.5558454495086887,0.005586760992568826
848,"assays1,2,3,4,5,6,8_yield_forest_1",0.5617102732539591,0.006758590932880302
849,"assays1,2,3,4,5,6,9_yield_forest_1",0.5599493803219933,0.011748902143913541
850,"assays1,2,3,4,5,6,10_yield_forest_1",0.5514671233086792,0.009100967831836915
851,"assays1,2,3,4,5,7,8_yield_forest_1",0.558374120674807,0.01362113841788722
852,"assays1,2,3,4,5,7,9_yield_forest_1",0.5513083900520674,0.007140023143540147
853,"assays1,2,3,4,5,7,10_yield_forest_1",0.5304350938735064,0.006906734600991724
854,"assays1,2,3,4,5,8,9_yield_forest_1",0.5410511600336905,0.00916491414767997
855,"assays1,2,3,4,5,8,10_yield_forest_1",0.5194680901821551,0.015652063802079477
856,"assays1,2,3,4,5,9,10_yield_forest_1",0.5662733716550141,0.011451684770335866
857,"assays1,2,3,4,6,7,8_yield_forest_1",0.5494122906642035,0.00843602640188789
858,"assays1,2,3,4,6,7,9_yield_forest_1",0.5442161994703669,0.013564160896489567
859,"assays1,2,3,4,6,7,10_yield_forest_1",0.540402387501701,0.008527460070194334
860,"assays1,2,3,4,6,8,9_yield_forest_1",0.5457753633828781,0.00886829837955116
861,"assays1,2,3,4,6,8,10_yield_forest_1",0.545826556909766,0.012280202481683829
862,"assays1,2,3,4,6,9,10_yield_svm_1",0.5701994951306605,0.00921650037260001
863,"assays1,2,3,4,7,8,9_yield_forest_1",0.544973485572469,0.007759513444408258
864,"assays1,2,3,4,7,8,10_yield_forest_1",0.5343456558877608,0.013113550590182727
865,"assays1,2,3,4,7,9,10_yield_forest_1",0.5423632546536696,0.008523579322094408
866,"assays1,2,3,4,8,9,10_yield_forest_1",0.5254171542070348,0.010170398272839212
867,"assays1,2,3,5,6,7,8_yield_forest_1",0.560279210535551,0.010254469705287952
868,"assays1,2,3,5,6,7,9_yield_forest_1",0.5531873218555308,0.009379324003177989
869,"assays1,2,3,5,6,7,10_yield_forest_1",0.5318033431047662,0.009506033663664929
870,"assays1,2,3,5,6,8,9_yield_forest_1",0.5362971560470997,0.011080189946682266
871,"assays1,2,3,5,6,8,10_yield_forest_1",0.5397216625723098,0.007951536722749153
872,"assays1,2,3,5,6,9,10_yield_forest_1",0.538764535785741,0.01604897318760682
873,"assays1,2,3,5,7,8,9_yield_forest_1",0.5295428424241694,0.0082303542669166
874,"assays1,2,3,5,7,8,10_yield_forest_1",0.5220124156184384,0.008826641909479007
875,"assays1,2,3,5,7,9,10_yield_forest_1",0.5392192733054528,0.012327804159199523
876,"assays1,2,3,5,8,9,10_yield_forest_1",0.5249684252544274,0.014806790594215602
877,"assays1,2,3,6,7,8,9_yield_forest_1",0.5416123679487403,0.010346924087939179
878,"assays1,2,3,6,7,8,10_yield_forest_1",0.5187350803182845,0.013855871138945442
879,"assays1,2,3,6,7,9,10_yield_forest_1",0.5417268114901436,0.0044838567557646284
880,"assays1,2,3,6,8,9,10_yield_forest_1",0.547796054408807,0.009885733736882606
881,"assays1,2,3,7,8,9,10_yield_forest_1",0.5242179094364887,0.012316301760378992
882,"assays1,2,4,5,6,7,8_yield_forest_1",0.5535819698491841,0.0058791421543672884
883,"assays1,2,4,5,6,7,9_yield_forest_1",0.5466348437989428,0.011449027477165558
884,"assays1,2,4,5,6,7,10_yield_forest_1",0.5362379007166915,0.009441029529098022
885,"assays1,2,4,5,6,8,9_yield_forest_1",0.5369268132041289,0.007322629169716887
886,"assays1,2,4,5,6,8,10_yield_forest_1",0.541226084404973,0.006606942922868363
887,"assays1,2,4,5,6,9,10_yield_forest_1",0.5616223582082531,0.013547949580643648
888,"assays1,2,4,5,7,8,9_yield_forest_1",0.5316074902241084,0.015102054618617716
889,"assays1,2,4,5,7,8,10_yield_forest_1",0.5161833995453182,0.014058491699385233
890,"assays1,2,4,5,7,9,10_yield_forest_1",0.551184050618021,0.014793096256733121
891,"assays1,2,4,5,8,9,10_yield_forest_1",0.5222139860012337,0.007767667354727586
892,"assays1,2,4,6,7,8,9_yield_forest_1",0.5303172235917053,0.008324207320746964
893,"assays1,2,4,6,7,8,10_yield_forest_1",0.524358422194706,0.01203127860297871
894,"assays1,2,4,6,7,9,10_yield_forest_1",0.5564147712623254,0.0074723985029760825
895,"assays1,2,4,6,8,9,10_yield_forest_1",0.5307922065202576,0.013243037304354905
896,"assays1,2,4,7,8,9,10_yield_forest_1",0.5235508126944257,0.011029741809770304
897,"assays1,2,5,6,7,8,9_yield_forest_1",0.5354408700334929,0.01275195964117138
898,"assays1,2,5,6,7,8,10_yield_forest_1",0.53134611319801,0.011918501593853418
899,"assays1,2,5,6,7,9,10_yield_forest_1",0.5347061067185022,0.009921244011356342
900,"assays1,2,5,6,8,9,10_yield_forest_1",0.5336137115247709,0.014865984171498738
901,"assays1,2,5,7,8,9,10_yield_forest_1",0.513510372464188,0.010299731801603885
902,"assays1,2,6,7,8,9,10_yield_forest_1",0.5249236535429673,0.011575546521299813
903,"assays1,3,4,5,6,7,8_yield_forest_1",0.5550861724377542,0.010168084766866132
904,"assays1,3,4,5,6,7,9_yield_forest_1",0.552962796273551,0.006409570733367985
905,"assays1,3,4,5,6,7,10_yield_forest_1",0.5493712580158439,0.011973670861468555
906,"assays1,3,4,5,6,8,9_yield_forest_1",0.5537592002840911,0.010348004226297353
907,"assays1,3,4,5,6,8,10_yield_forest_1",0.544754378239573,0.011462351818250055
908,"assays1,3,4,5,6,9,10_yield_forest_1",0.534054928820048,0.011187786069069464
909,"assays1,3,4,5,7,8,9_yield_forest_1",0.5326451130383456,0.013826201342664936
910,"assays1,3,4,5,7,8,10_yield_forest_1",0.5238106696611627,0.010569624255461102
911,"assays1,3,4,5,7,9,10_yield_forest_1",0.5360459237671201,0.011672964893591516
912,"assays1,3,4,5,8,9,10_yield_forest_1",0.5242669354252376,0.013525894387711197
913,"assays1,3,4,6,7,8,9_yield_forest_1",0.5390387676692305,0.00929711793114021
914,"assays1,3,4,6,7,8,10_yield_forest_1",0.5407158462364676,0.012744844152046759
915,"assays1,3,4,6,7,9,10_yield_forest_1",0.5423186945114874,0.0035385135470735658
916,"assays1,3,4,6,8,9,10_yield_forest_1",0.5268678923190003,0.011122690817504376
917,"assays1,3,4,7,8,9,10_yield_forest_1",0.5270731728048661,0.01253869971046424
918,"assays1,3,5,6,7,8,9_yield_forest_1",0.5532049122374574,0.004271958064695165
919,"assays1,3,5,6,7,8,10_yield_forest_1",0.5378088414448332,0.008146952296065353
920,"assays1,3,5,6,7,9,10_yield_forest_1",0.5648010148044468,0.006740699438729686
921,"assays1,3,5,6,8,9,10_yield_forest_1",0.5333550818953824,0.008957880294341676
922,"assays1,3,5,7,8,9,10_yield_forest_1",0.5230924729596482,0.006955946896343608
923,"assays1,3,6,7,8,9,10_yield_forest_1",0.5302555705631049,0.01099868457984724
924,"assays1,4,5,6,7,8,9_yield_forest_1",0.5261844199439967,0.008036455919656184
925,"assays1,4,5,6,7,8,10_yield_forest_1",0.5293937398541876,0.008783566820878694
926,"assays1,4,5,6,7,9,10_yield_forest_1",0.5363012696338677,0.010765186662274445
927,"assays1,4,5,6,8,9,10_yield_forest_1",0.5268744709691388,0.007987460989532217
928,"assays1,4,5,7,8,9,10_yield_forest_1",0.5164256883886366,0.008212354810937444
929,"assays1,4,6,7,8,9,10_yield_forest_1",0.5351237681807406,0.009644903231673411
930,"assays1,5,6,7,8,9,10_yield_forest_1",0.5230277470565345,0.010065381842098866
931,"assays2,3,4,5,6,7,8_yield_svm_1",0.5747665821095228,0.009789954287898292
932,"assays2,3,4,5,6,7,9_yield_fnn_1",0.5857444109068269,0.011040642618882454
933,"assays2,3,4,5,6,7,10_yield_ridge_1",0.5874322853850187,0.007983990231641041
934,"assays2,3,4,5,6,8,9_yield_svm_1",0.5893749224403183,0.004810966956697281
935,"assays2,3,4,5,6,8,10_yield_forest_1",0.584103790008004,0.013734581850850393
936,"assays2,3,4,5,6,9,10_yield_svm_1",0.5879935331218654,0.006723633833629546
937,"assays2,3,4,5,7,8,9_yield_svm_1",0.5692952988084655,0.004963714325940791
938,"assays2,3,4,5,7,8,10_yield_forest_1",0.5666750902877896,0.007754656250704227
939,"assays2,3,4,5,7,9,10_yield_fnn_1",0.5820725660545211,0.0054202613303079355
940,"assays2,3,4,5,8,9,10_yield_forest_1",0.5632239952110238,0.008640969049046822
941,"assays2,3,4,6,7,8,9_yield_svm_1",0.5646849479403893,0.008733962120579194
942,"assays2,3,4,6,7,8,10_yield_svm_1",0.5770052509166168,0.0070730495571363
943,"assays2,3,4,6,7,9,10_yield_svm_1",0.5771010868318462,0.004725447672010927
944,"assays2,3,4,6,8,9,10_yield_svm_1",0.5787653282439529,0.009131468609906105
945,"assays2,3,4,7,8,9,10_yield_svm_1",0.5728306786613047,0.005255432808026456
946,"assays2,3,5,6,7,8,9_yield_svm_1",0.5743233757737667,0.007425927101417729
947,"assays2,3,5,6,7,8,10_yield_svm_1",0.5758173363288391,0.007658002119810922
948,"assays2,3,5,6,7,9,10_yield_fnn_1",0.5791162967012542,0.008428560390431526
949,"assays2,3,5,6,8,9,10_yield_forest_1",0.5675326262388796,0.013899693569031793
950,"assays2,3,5,7,8,9,10_yield_forest_1",0.5569182231271366,0.007825587373073753
951,"assays2,3,6,7,8,9,10_yield_svm_1",0.570393556388186,0.012129561550317388
952,"assays2,4,5,6,7,8,9_yield_forest_1",0.5728348759289562,0.013433515490012976
953,"assays2,4,5,6,7,8,10_yield_forest_1",0.5693367255709175,0.007672460882178303
954,"assays2,4,5,6,7,9,10_yield_fnn_1",0.5803360549361075,0.007607354825190281
955,"assays2,4,5,6,8,9,10_yield_forest_1",0.562439164660195,0.006799656158153115
956,"assays2,4,5,7,8,9,10_yield_forest_1",0.5518984461135771,0.005229597823024115
957,"assays2,4,6,7,8,9,10_yield_forest_1",0.5746440627252245,0.013088845051767311
958,"assays2,5,6,7,8,9,10_yield_forest_1",0.5596328644331237,0.008968902118164875
959,"assays3,4,5,6,7,8,9_yield_svm_1",0.5767052991674746,0.007250141555963396
960,"assays3,4,5,6,7,8,10_yield_svm_1",0.5719991432982658,0.008062379832810156
961,"assays3,4,5,6,7,9,10_yield_svm_1",0.5785257700389914,0.008289793524428626
962,"assays3,4,5,6,8,9,10_yield_forest_1",0.5639868127518883,0.016511153229569652
963,"assays3,4,5,7,8,9,10_yield_forest_1",0.5506063468586692,0.013186406100582273
964,"assays3,4,6,7,8,9,10_yield_svm_1",0.5670748394914721,0.007386347035108036
965,"assays3,5,6,7,8,9,10_yield_forest_1",0.562023434335196,0.014804485087253216
966,"assays4,5,6,7,8,9,10_yield_forest_1",0.553605063094978,0.007955884379018187
967,"assays1,2,3,4,5,6,7,8_yield_forest_1",0.5551872899929593,0.015206720685496713
968,"assays1,2,3,4,5,6,7,9_yield_forest_1",0.5473709469235586,0.008178228910723775
969,"assays1,2,3,4,5,6,7,10_yield_forest_1",0.5549989007668202,0.012332324320676576
970,"assays1,2,3,4,5,6,8,9_yield_forest_1",0.5396170266561797,0.003950462470075691
971,"assays1,2,3,4,5,6,8,10_yield_forest_1",0.5423175565602352,0.007641950343805772
972,"assays1,2,3,4,5,6,9,10_yield_forest_1",0.5535976062897902,0.012052547147493379
973,"assays1,2,3,4,5,7,8,9_yield_forest_1",0.5383369801550011,0.008183964761894697
974,"assays1,2,3,4,5,7,8,10_yield_forest_1",0.523737115329378,0.01185817115051986
975,"assays1,2,3,4,5,7,9,10_yield_forest_1",0.5350937435796281,0.010400899945664835
976,"assays1,2,3,4,5,8,9,10_yield_forest_1",0.5347345996606535,0.01121024250961069
977,"assays1,2,3,4,6,7,8,9_yield_forest_1",0.5463372921117449,0.008390273026266094
978,"assays1,2,3,4,6,7,8,10_yield_forest_1",0.5459366196517582,0.013620161917823916
979,"assays1,2,3,4,6,7,9,10_yield_forest_1",0.5443009291651246,0.00839746722914938
980,"assays1,2,3,4,6,8,9,10_yield_forest_1",0.5461781321341777,0.012619403063911815
981,"assays1,2,3,4,7,8,9,10_yield_forest_1",0.5292733687906075,0.010320897115392939
982,"assays1,2,3,5,6,7,8,9_yield_forest_1",0.5573712095632003,0.007371354342737922
983,"assays1,2,3,5,6,7,8,10_yield_forest_1",0.540906109080258,0.01040045752622907
984,"assays1,2,3,5,6,7,9,10_yield_forest_1",0.5722787123127636,0.007052515692331501
985,"assays1,2,3,5,6,8,9,10_yield_forest_1",0.5290112161588834,0.014000201943314755
986,"assays1,2,3,5,7,8,9,10_yield_forest_1",0.5254462449574782,0.013486566327211064
987,"assays1,2,3,6,7,8,9,10_yield_forest_1",0.5281216588427241,0.007294378082439568
988,"assays1,2,4,5,6,7,8,9_yield_forest_1",0.5446458152857361,0.011104724728964224
989,"assays1,2,4,5,6,7,8,10_yield_forest_1",0.5343904555746273,0.013114191738363262
990,"assays1,2,4,5,6,7,9,10_yield_forest_1",0.5327731094459486,0.010220994901432074
991,"assays1,2,4,5,6,8,9,10_yield_forest_1",0.5357972000446201,0.009606282433473673
992,"assays1,2,4,5,7,8,9,10_yield_forest_1",0.5220871772675613,0.009601382785090895
993,"assays1,2,4,6,7,8,9,10_yield_forest_1",0.5322854679785171,0.003725937781761341
994,"assays1,2,5,6,7,8,9,10_yield_forest_1",0.5299449935625351,0.011698307903250492
995,"assays1,3,4,5,6,7,8,9_yield_forest_1",0.5450667051728992,0.010354137021231648
996,"assays1,3,4,5,6,7,8,10_yield_forest_1",0.5457448094508891,0.011458157762185445
997,"assays1,3,4,5,6,7,9,10_yield_forest_1",0.5480544310167101,0.012084065145994543
998,"assays1,3,4,5,6,8,9,10_yield_forest_1",0.5360706070686977,0.012114903338786271
999,"assays1,3,4,5,7,8,9,10_yield_forest_1",0.5313953908845048,0.00742619732718654
1000,"assays1,3,4,6,7,8,9,10_yield_forest_1",0.5313819822536029,0.0077805251608807635
1001,"assays1,3,5,6,7,8,9,10_yield_forest_1",0.5375960307800467,0.011650636824573684
1002,"assays1,4,5,6,7,8,9,10_yield_forest_1",0.5237133989059254,0.009848289431452394
1003,"assays2,3,4,5,6,7,8,9_yield_svm_1",0.5762646173128844,0.00912398693638958
1004,"assays2,3,4,5,6,7,8,10_yield_svm_1",0.5809788508132491,0.01716268857861988
1005,"assays2,3,4,5,6,7,9,10_yield_svm_1",0.5853152930092382,0.006755504900646547
1006,"assays2,3,4,5,6,8,9,10_yield_forest_1",0.575142117503822,0.011060189748635584
1007,"assays2,3,4,5,7,8,9,10_yield_forest_1",0.5643366305197519,0.010596630152913997
1008,"assays2,3,4,6,7,8,9,10_yield_svm_1",0.5708969404264249,0.007732668549966153
1009,"assays2,3,5,6,7,8,9,10_yield_forest_1",0.5664335504654632,0.011772082196715097
1010,"assays2,4,5,6,7,8,9,10_yield_forest_1",0.5644241297664192,0.01202907047404861
1011,"assays3,4,5,6,7,8,9,10_yield_svm_1",0.566838824696131,0.003664918952665646
1012,"assays1,2,3,4,5,6,7,8,9_yield_forest_1",0.5537373431218674,0.01474928973896087
1013,"assays1,2,3,4,5,6,7,8,10_yield_forest_1",0.5335282468294638,0.009291281362741748
1014,"assays1,2,3,4,5,6,7,9,10_yield_forest_1",0.5518814461313741,0.011763429452527547
1015,"assays1,2,3,4,5,6,8,9,10_yield_forest_1",0.5346084307281931,0.011292602804893116
1016,"assays1,2,3,4,5,7,8,9,10_yield_forest_1",0.5210628048715616,0.010994392454205566
1017,"assays1,2,3,4,6,7,8,9,10_yield_forest_1",0.5512286348427423,0.016751715958299312
1018,"assays1,2,3,5,6,7,8,9,10_yield_forest_1",0.5365844586708606,0.011607317416311904
1019,"assays1,2,4,5,6,7,8,9,10_yield_forest_1",0.5305143632050788,0.008065034023002477
1020,"assays1,3,4,5,6,7,8,9,10_yield_forest_1",0.534086835986564,0.011368099209215493
1021,"assays2,3,4,5,6,7,8,9,10_yield_ridge_1",0.5804996922591533,0.005777392146479894
1022,"assays1,2,3,4,5,6,7,8,9,10_yield_forest_1",0.5435738270625403,0.010139089068652605
